task,run_name,layer,module,module_name,shape,numel,mean,std,abs_mean,max_abs,p99_abs,p999_abs,p9999_abs,top_0p1pct_abs_share,top_1pct_abs_share,max_abs_over_abs_mean,p999_abs_over_p99_abs,ratio_abs_gt_3p0sigma,ratio_abs_gt_4p0sigma,ratio_abs_gt_5p0sigma,top_out_channel,top_out_channel_max_abs,median_out_channel_max_abs,top_in_channel,top_in_channel_max_abs,median_in_channel_max_abs,top_out_channel_over_median,top_in_channel_over_median
ner,formal_e3_ms256_tner,0,attn_k,attention.self.key,1024x1024,1048576,3.063088661292568e-05,0.034774284809827805,0.027247963473200798,0.7188918590545654,0.09367859363555908,0.13115952908992767,0.2146015465259552,0.006101189697995829,0.04080792307473033,26.383324381714527,1.4001013892264642,0.004885673522949219,0.0006866455078125,0.00023555755615234375,347,0.7188918590545654,0.11943943798542023,15,0.7188918590545654,0.12528586387634277,6.018881796331956,5.738012548359903
ner,formal_e3_ms256_tner,0,attn_out,attention.output.dense,1024x1024,1048576,-1.095317020372022e-05,0.025158153846859932,0.01935305818915367,0.9967795610427856,0.07090826332569122,0.1141238808631897,0.18054227530956268,0.007472475856570691,0.04634031703659274,51.50501545029333,1.6094581295695158,0.007477760314941406,0.0018777847290039062,0.0006008148193359375,136,0.9967795610427856,0.08487801253795624,1009,0.9967795610427856,0.11202285438776016,11.743672256664116,8.898001809456622
ner,formal_e3_ms256_tner,0,attn_q,attention.self.query,1024x1024,1048576,-6.508120350190438e-06,0.03515457734465599,0.02767828293144703,0.5000054240226746,0.09373080730438232,0.13031397759914398,0.19883038103580475,0.005729795641422603,0.03984561983732473,18.064900386381524,1.3903003862535945,0.0044918060302734375,0.0005893707275390625,0.0001773834228515625,960,0.5000054240226746,0.1282074898481369,136,0.5000054240226746,0.1249040961265564,3.8999704667405637,4.003114705830422
ner,formal_e3_ms256_tner,0,attn_v,attention.self.value,1024x1024,1048576,3.4630083973752335e-06,0.026091257110238075,0.02055627666413784,0.1555463671684265,0.06961703300476074,0.0921192467212677,0.1116277202963829,0.004913753043770032,0.03865270231686705,7.566855112423656,1.3232285655576295,0.0042400360107421875,0.00023555755615234375,1.52587890625e-05,330,0.1555463671684265,0.09188351780176163,9,0.1555463671684265,0.09363638609647751,1.6928647366769007,1.6611743965445287
ner,formal_e3_ms256_tner,0,ffn_in,intermediate.dense,4096x1024,4194304,6.117112206993625e-05,0.034782249480485916,0.02748871222138405,0.4098069369792938,0.0921429693698883,0.12049794942140579,0.14827927947044373,0.004853999919703969,0.0381183895529781,14.908189720888284,1.307728090872484,0.0038635730743408203,0.00020599365234375,2.193450927734375e-05,2577,0.4098069369792938,0.12100141495466232,182,0.4098069369792938,0.13512761890888214,3.3867945852769012,3.0327400148716497
ner,formal_e3_ms256_tner,0,ffn_out,output.dense,1024x4096,4194304,-1.6914944353629835e-05,0.03198995813727379,0.02500317618250847,2.8074066638946533,0.08569728583097458,0.11709050834178925,0.17847800254821777,0.005890260426545192,0.040358160157896485,112.28200143062774,1.3663269169659962,0.004654645919799805,0.0005173683166503906,0.00014781951904296875,136,2.8074066638946533,0.13256946206092834,2577,2.8074066638946533,0.11215664446353912,21.17687301623342,25.031122117845722
ner,formal_e3_ms256_tner,1,attn_k,attention.self.key,1024x1024,1048576,3.11516851070337e-05,0.031144501641392708,0.024535423144698143,0.4215650260448456,0.08293307572603226,0.1163262128829956,0.17547127604484558,0.005752132615048713,0.03988683591506606,17.181893442744293,1.402651618363666,0.004569053649902344,0.0006685256958007812,0.0001888275146484375,48,0.4215650260448456,0.11164005100727081,80,0.4215650260448456,0.10810786485671997,3.7761092210302754,3.899485265050456
ner,formal_e3_ms256_tner,1,attn_out,attention.output.dense,1024x1024,1048576,1.5610593209203216e-06,0.025165991857647896,0.019558090716600418,0.9039061665534973,0.06952211260795593,0.10481136292219162,0.15170550346374512,0.0065259955315009185,0.04328915924694553,46.21648297122808,1.507597496543816,0.00635528564453125,0.0012350082397460938,0.0003337860107421875,136,0.9039061665534973,0.08530576527118683,590,0.9039061665534973,0.09807397425174713,10.596073591040204,9.21657527850611
ner,formal_e3_ms256_tner,1,attn_q,attention.self.query,1024x1024,1048576,3.699615626828745e-05,0.03169972449541092,0.025019554421305656,0.3211691081523895,0.08403674513101578,0.1155092865228653,0.17624998092651367,0.005566725509409392,0.03934647387623433,12.836723737929349,1.37450928570333,0.004329681396484375,0.0005321502685546875,0.00016117095947265625,47,0.3211691081523895,0.1154782623052597,234,0.3211691081523895,0.10925335437059402,2.781208356802241,2.9396727450853763
ner,formal_e3_ms256_tner,1,attn_v,attention.self.value,1024x1024,1048576,2.463914643158205e-05,0.027159519493579865,0.021438773721456528,0.1524171233177185,0.0721423402428627,0.09404332935810089,0.11369539797306061,0.004790181105359807,0.03819842925461956,7.109414246262377,1.303580242081278,0.0039424896240234375,0.00019550323486328125,5.7220458984375e-06,194,0.1524171233177185,0.09447294473648071,760,0.1524171233177185,0.09600074589252472,1.6133415100255963,1.5876660321822225
ner,formal_e3_ms256_tner,1,ffn_in,intermediate.dense,4096x1024,4194304,0.00013456030865199864,0.035677406936883926,0.02825942263007164,0.2426859587430954,0.09397220611572266,0.12264116108417511,0.14922462403774261,0.004759869090149781,0.03774625186087061,8.587788997672108,1.3050790883120047,0.003656625747680664,0.00018477439880371094,9.775161743164062e-06,998,0.2426859587430954,0.12452423572540283,181,0.2426859587430954,0.13684721291065216,1.948905426556958,1.7734081212274713
ner,formal_e3_ms256_tner,1,ffn_out,output.dense,1024x4096,4194304,-2.4143020709743723e-05,0.03315519168972969,0.026020115241408348,1.7163368463516235,0.08844290673732758,0.12293282896280289,0.18834605813026428,0.00591004292816113,0.04015556489976014,65.9619233207795,1.3899682122378587,0.004544973373413086,0.0006000995635986328,0.00017333030700683594,136,1.7163368463516235,0.13916556537151337,1952,1.7163368463516235,0.11449167877435684,12.333056972604739,14.990930910657923
ner,formal_e3_ms256_tner,2,attn_k,attention.self.key,1024x1024,1048576,2.5863835617201403e-05,0.03249695524573326,0.02568523958325386,0.32918745279312134,0.08634628355503082,0.11601284146308899,0.14679904282093048,0.005074824462651648,0.03867823444207246,12.816211105453087,1.343576546512866,0.0042209625244140625,0.00036525726318359375,3.910064697265625e-05,882,0.32918745279312134,0.112193763256073,80,0.32918745279312134,0.11544039100408554,2.9340976114846793,2.8515795028922857
ner,formal_e3_ms256_tner,2,attn_out,attention.output.dense,1024x1024,1048576,1.735192745400127e-05,0.023349758237600327,0.01827053166925907,0.43108752369880676,0.0632752776145935,0.09697527438402176,0.14518269896507263,0.006479541937453441,0.04234854622584736,23.59468960742557,1.5325934241599573,0.005688667297363281,0.0012063980102539062,0.00038814544677734375,136,0.43108752369880676,0.081590935587883,672,0.43108752369880676,0.08115842193365097,5.283522251494163,5.311679471185769
ner,formal_e3_ms256_tner,2,attn_q,attention.self.query,1024x1024,1048576,5.385838449001312e-05,0.03381175175309181,0.026774313300848007,0.2510194480419159,0.08925676345825195,0.12001930177211761,0.15901820361614227,0.0050767175994044945,0.03846538713054851,9.375383234720179,1.344652182332986,0.004073143005371094,0.00034046173095703125,6.103515625e-05,93,0.2510194480419159,0.11881343275308609,136,0.2510194480419159,0.11754373461008072,2.112719431005547,2.135540859532875
ner,formal_e3_ms256_tner,2,attn_v,attention.self.value,1024x1024,1048576,1.5623872968717478e-06,0.02472149208188057,0.019567733630537987,0.18431103229522705,0.06512024998664856,0.08560462296009064,0.10994844883680344,0.004897533147286805,0.03795158729645008,9.419130277181706,1.3145622594759991,0.0037174224853515625,0.0002422332763671875,3.814697265625e-05,846,0.18431103229522705,0.08454553037881851,181,0.18431103229522705,0.08747413754463196,2.1800210072536625,2.1070345758046023
ner,formal_e3_ms256_tner,2,ffn_in,intermediate.dense,4096x1024,4194304,0.0001869947591330856,0.03650547191500664,0.0289474930614233,0.25145530700683594,0.09589309245347977,0.12493054568767548,0.15244701504707336,0.004739030708123194,0.037558851332408515,8.686600476016222,1.3028106873107939,0.0035114288330078125,0.0001685619354248047,1.3113021850585938e-05,3623,0.25145530700683594,0.12640617787837982,976,0.25145530700683594,0.1397753655910492,1.9892643795366602,1.7989958813095632
ner,formal_e3_ms256_tner,2,ffn_out,output.dense,1024x4096,4194304,-4.904327397525776e-06,0.03389894962310791,0.026667386293411255,1.5463826656341553,0.09030219912528992,0.12402830272912979,0.18190601468086243,0.005714799802946774,0.03976842055120143,57.9877851027426,1.37348042384933,0.004453897476196289,0.0005166530609130859,0.00013947486877441406,136,1.5463826656341553,0.14106042683124542,996,1.5463826656341553,0.11690390855073929,10.96255484526597,13.22780978672741
ner,formal_e3_ms256_tner,3,attn_k,attention.self.key,1024x1024,1048576,1.746311318129301e-05,0.03583842143416405,0.028280429542064667,0.310591459274292,0.09573006629943848,0.13072256743907928,0.17532995343208313,0.005284603661247426,0.0393180232221164,10.982558055291005,1.3655330294056849,0.004544258117675781,0.00048828125,7.82012939453125e-05,711,0.310591459274292,0.12188336998224258,15,0.310591459274292,0.12738853693008423,2.548267735947428,2.4381429189720314
ner,formal_e3_ms256_tner,3,attn_out,attention.output.dense,1024x1024,1048576,3.3001806514221244e-06,0.024111485108733177,0.018882589414715767,0.23134702444076538,0.06576615571975708,0.09521916508674622,0.13040171563625336,0.005865931519027399,0.04155488814169708,12.251869664680084,1.4478444732651605,0.00577545166015625,0.0009183883666992188,0.0002002716064453125,136,0.23134702444076538,0.08311312645673752,500,0.23134702444076538,0.08723318576812744,2.7835196954260573,2.6520529131620125
ner,formal_e3_ms256_tner,3,attn_q,attention.self.query,1024x1024,1048576,-1.807487933547236e-05,0.0369378961622715,0.029226087033748627,0.25273919105529785,0.09789416193962097,0.1321837604045868,0.16860714554786682,0.005057317705286134,0.03861212987159985,8.647725943040168,1.3502721488755878,0.004193305969238281,0.00034809112548828125,3.528594970703125e-05,346,0.25273919105529785,0.12679331004619598,136,0.25273919105529785,0.13309819996356964,1.9933164530779632,1.8988926305876053
ner,formal_e3_ms256_tner,3,attn_v,attention.self.value,1024x1024,1048576,1.488944144512061e-05,0.025344794616103172,0.02006574347615242,0.178768128156662,0.06694002449512482,0.08728895336389542,0.10507941246032715,0.004760168839532916,0.03785780270876958,8.909120580013541,1.3039874727003213,0.0037717819213867188,0.0001659393310546875,8.58306884765625e-06,658,0.178768128156662,0.08788638561964035,331,0.178768128156662,0.089352548122406,2.0340821493142838,2.000705429371344
ner,formal_e3_ms256_tner,3,ffn_in,intermediate.dense,4096x1024,4194304,0.0001696729741524905,0.03693832457065582,0.029315317049622536,0.2131730616092682,0.09684088826179504,0.12589512765407562,0.15104278922080994,0.004676648056989526,0.037375923219312386,7.271729698451718,1.3000203727348796,0.0034151077270507812,0.00014162063598632812,5.245208740234375e-06,3967,0.2131730616092682,0.12814819812774658,144,0.2131730616092682,0.14153294265270233,1.6634885603054925,1.5061727511195642
ner,formal_e3_ms256_tner,3,ffn_out,output.dense,1024x4096,4194304,-2.656352080521174e-07,0.03409058228135109,0.0268564336001873,0.612892210483551,0.09106946736574173,0.12470454722642899,0.17368899285793304,0.0054664912818573,0.03952661168983769,22.821057315639877,1.369334320641256,0.00453639030456543,0.00048732757568359375,0.00011086463928222656,136,0.612892210483551,0.14220969378948212,2872,0.612892210483551,0.11812671273946762,4.309778005645919,5.188430256544132
ner,formal_e3_ms256_tner,4,attn_k,attention.self.key,1024x1024,1048576,6.857204425614327e-06,0.037567686289548874,0.029806943610310555,0.32504162192344666,0.09853551536798477,0.13074032962322235,0.1654294729232788,0.004918952586945737,0.03782870059336424,10.904896059554765,1.3268345848191632,0.0036706924438476562,0.00027370452880859375,3.814697265625e-05,532,0.32504162192344666,0.13075609505176544,136,0.32504162192344666,0.12896886467933655,2.4858621068085958,2.520310795412662
ner,formal_e3_ms256_tner,4,attn_out,attention.output.dense,1024x1024,1048576,1.4556822861777619e-05,0.023807723075151443,0.018608268350362778,0.21847864985466003,0.06506228446960449,0.09251289069652557,0.12712550163269043,0.005769448150909918,0.041413052421774135,11.740944710226122,1.4219127325562222,0.005749702453613281,0.0008211135864257812,0.00017452239990234375,39,0.21847864985466003,0.08373913168907166,120,0.21847864985466003,0.08461485058069229,2.6090388740342347,2.5820367034307954
ner,formal_e3_ms256_tner,4,attn_q,attention.self.query,1024x1024,1048576,-1.1476686267997138e-06,0.03835136070847511,0.030438050627708435,0.30622363090515137,0.10042683035135269,0.1320420503616333,0.16650345921516418,0.00482533927142534,0.0375973132254317,10.060553307128979,1.3148085018681939,0.0035114288330078125,0.0002193450927734375,2.6702880859375e-05,437,0.30622363090515137,0.13400010764598846,234,0.30622363090515137,0.13147582113742828,2.2852491410988707,2.329125068441776
ner,formal_e3_ms256_tner,4,attn_v,attention.self.value,1024x1024,1048576,-6.897404091432691e-06,0.025141358375549316,0.019844617694616318,0.14269645512104034,0.06683486700057983,0.08804640173912048,0.10785092413425446,0.004866390591118939,0.03838511784496299,7.190688040301866,1.3173722892028292,0.004086494445800781,0.00022029876708984375,1.239776611328125e-05,422,0.14269645512104034,0.08757264167070389,5,0.14269645512104034,0.09033709764480591,1.629463864497961,1.5795997308005714
ner,formal_e3_ms256_tner,4,ffn_in,intermediate.dense,4096x1024,4194304,0.00018967653159052134,0.036855168640613556,0.02924869954586029,0.3596576452255249,0.09657906740903854,0.12551961839199066,0.152830570936203,0.004711555460002741,0.037417070395705826,12.296534574523639,1.2996565587072926,0.003452777862548828,0.00015544891357421875,1.2874603271484375e-05,1633,0.3596576452255249,0.1275685727596283,15,0.3596576452255249,0.1420222520828247,2.819327969618439,2.5324034786871237
ner,formal_e3_ms256_tner,4,ffn_out,output.dense,1024x4096,4194304,-5.932051863055676e-07,0.03439714014530182,0.02696315385401249,3.23616886138916,0.09176557511091232,0.12612155079841614,0.1833948791027069,0.005796029357373475,0.04004834763807816,120.02189650776234,1.374388496404883,0.00454401969909668,0.0005211830139160156,0.0001366138458251953,234,3.23616886138916,0.14175297319889069,2717,3.23616886138916,0.12061237543821335,22.829636573820277,26.831151029331703
ner,formal_e3_ms256_tner,5,attn_k,attention.self.key,1024x1024,1048576,-5.815632903249934e-05,0.03609522059559822,0.02862846665084362,0.35592418909072876,0.09463540464639664,0.12523281574249268,0.1666310876607895,0.005000011568960176,0.0378817407146265,12.432527156680269,1.3233188594736047,0.0035877227783203125,0.0002880096435546875,6.008148193359375e-05,327,0.35592418909072876,0.12505961954593658,466,0.35592418909072876,0.1250985860824585,2.846036077696459,2.845149575520558
ner,formal_e3_ms256_tner,5,attn_out,attention.output.dense,1024x1024,1048576,2.3413078451994807e-05,0.02584047242999077,0.02031473070383072,0.24863781034946442,0.06968828290700912,0.09915537387132645,0.13589489459991455,0.0056622589411590716,0.04048791176327121,12.239286553898504,1.422841397938269,0.005082130432128906,0.0007572174072265625,0.00014781951904296875,234,0.24863781034946442,0.08858904987573624,16,0.24863781034946442,0.09110578894615173,2.8066427024358926,2.729110995311421
ner,formal_e3_ms256_tner,5,attn_q,attention.self.query,1024x1024,1048576,-3.2682808523532e-05,0.03678938373923302,0.029223520308732986,0.3175722658634186,0.09611508250236511,0.1256033182144165,0.1585364192724228,0.0048068672009536715,0.03743936217378795,10.86700926200589,1.3068013359019461,0.0034303665161132812,0.00019550323486328125,3.528594970703125e-05,111,0.3175722658634186,0.12816764414310455,234,0.3175722658634186,0.1267169862985611,2.477788118730152,2.506153872024533
ner,formal_e3_ms256_tner,5,attn_v,attention.self.value,1024x1024,1048576,3.1985015084501356e-05,0.027643326669931412,0.021907612681388855,0.19181451201438904,0.07272425293922424,0.095108263194561,0.11672177910804749,0.004779888161625669,0.037695074037797704,8.755609970106006,1.3077929212149229,0.003589630126953125,0.0001888275146484375,1.33514404296875e-05,382,0.19181451201438904,0.09594805538654327,331,0.19181451201438904,0.09734388440847397,1.9991495527619734,1.970483437968202
ner,formal_e3_ms256_tner,5,ffn_in,intermediate.dense,4096x1024,4194304,9.773756028153002e-05,0.036956727504730225,0.029332781210541725,0.26106005907058716,0.09679858386516571,0.12572047114372253,0.15315505862236023,0.0046991080828340664,0.03740091467335013,8.899942259030194,1.2987841983188844,0.0034432411193847656,0.00015425682067871094,1.049041748046875e-05,732,0.26106005907058716,0.12757697701454163,839,0.26106005907058716,0.14263689517974854,2.0462944426158547,1.8302421595871377
ner,formal_e3_ms256_tner,5,ffn_out,output.dense,1024x4096,4194304,6.781329830118921e-06,0.03486057370901108,0.027302179485559464,3.1297953128814697,0.09248079359531403,0.1266474574804306,0.19515463709831238,0.005881894822880681,0.039932802424056196,114.63536508273509,1.3694460498968706,0.004334688186645508,0.0005002021789550781,0.00014901161193847656,234,3.1297953128814697,0.14149539172649384,1140,3.1297953128814697,0.12253206223249435,22.11941516039806,25.54266414730656
ner,formal_e3_ms256_tner,6,attn_k,attention.self.key,1024x1024,1048576,3.347986057633534e-05,0.03577757999300957,0.02832862176001072,0.5889178514480591,0.09387029707431793,0.12405776977539062,0.1670864075422287,0.005111753502722402,0.03807110883669883,20.788792918947717,1.3215870583340437,0.0035829544067382812,0.00026035308837890625,7.152557373046875e-05,501,0.5889178514480591,0.12672382593154907,136,0.5889178514480591,0.12472131103277206,4.64725435109707,4.7218702767910585
ner,formal_e3_ms256_tner,6,attn_out,attention.output.dense,1024x1024,1048576,-2.6197731131105684e-06,0.026623588055372238,0.021017974242568016,0.28966256976127625,0.07076071202754974,0.09520146995782852,0.12397006899118423,0.0051484784867677855,0.03889393699310143,13.781659755516225,1.3454001130000373,0.004256248474121094,0.00036907196044921875,6.198883056640625e-05,234,0.28966256976127625,0.09230655431747437,102,0.28966256976127625,0.09602672606706619,3.138049859005958,3.0164786578162888
ner,formal_e3_ms256_tner,6,attn_q,attention.self.query,1024x1024,1048576,4.205730510875583e-05,0.03654447942972183,0.02896730974316597,0.34677818417549133,0.09597840905189514,0.12597256898880005,0.1630144566297531,0.004939286283125465,0.03787930886810746,11.971363141767212,1.3125094511692434,0.0036821365356445312,0.00023937225341796875,5.340576171875e-05,543,0.34677818417549133,0.1286778450012207,136,0.34677818417549133,0.12697559595108032,2.6949331034584985,2.7310616782542527
ner,formal_e3_ms256_tner,6,attn_v,attention.self.value,1024x1024,1048576,4.1536142816767097e-05,0.027558177709579468,0.021860595792531967,0.14259551465511322,0.07221711426973343,0.0934489294886589,0.11270199716091156,0.004668008021127239,0.0373542941661942,6.522947316185536,1.2939997732341382,0.0034246444702148438,0.0001277923583984375,4.76837158203125e-06,994,0.14259551465511322,0.0956878662109375,219,0.14259551465511322,0.09628192335367203,1.4902152206087547,1.4810206286731276
ner,formal_e3_ms256_tner,6,ffn_in,intermediate.dense,4096x1024,4194304,2.5936200472642668e-05,0.03706686198711395,0.029442772269248962,0.2851533889770508,0.09695419669151306,0.12543022632598877,0.15145817399024963,0.004650471828310148,0.03719557412908029,9.685004739681892,1.293706003517106,0.0032842159271240234,0.0001327991485595703,6.198883056640625e-06,1696,0.2851533889770508,0.12731094658374786,15,0.2851533889770508,0.1414414644241333,2.2398183080782514,2.016052295117476
ner,formal_e3_ms256_tner,6,ffn_out,output.dense,1024x4096,4194304,-4.2542182200122625e-05,0.03531899303197861,0.027651287615299225,3.6070501804351807,0.09355185925960541,0.12886643409729004,0.20858168601989746,0.006022177298619376,0.04001731589906806,130.44781966823962,1.3774866166976656,0.004254817962646484,0.0005319118499755859,0.00017714500427246094,234,3.6070501804351807,0.14258204400539398,689,3.6070501804351807,0.12750454246997833,25.29806754838445,28.289581771445366
ner,formal_e3_ms256_tner,7,attn_k,attention.self.key,1024x1024,1048576,2.245771793241147e-05,0.0350312665104866,0.02784573845565319,0.3793865442276001,0.09097014367580414,0.11883531510829926,0.15323685109615326,0.004876717332348154,0.03723262937983421,13.624581902606277,1.306311173166879,0.003147125244140625,0.0001964569091796875,5.626678466796875e-05,478,0.3793865442276001,0.12147874385118484,234,0.3793865442276001,0.12042726576328278,3.123069371645464,3.150337606878323
ner,formal_e3_ms256_tner,7,attn_out,attention.output.dense,1024x1024,1048576,-1.471322957513621e-05,0.02695767767727375,0.021340176463127136,0.25511807203292847,0.07119890302419662,0.0942273885011673,0.12042464315891266,0.0049742781000478315,0.038169529856191715,11.954824856942354,1.323438767998217,0.00382232666015625,0.00026416778564453125,4.100799560546875e-05,466,0.25511807203292847,0.09229861944913864,136,0.25511807203292847,0.09588395059108734,2.764050790310161,2.6606962944290946
ner,formal_e3_ms256_tner,7,attn_q,attention.self.query,1024x1024,1048576,-4.101096419617534e-05,0.03561118245124817,0.028306376188993454,0.350496381521225,0.09271107614040375,0.12103210389614105,0.15248225629329681,0.004823077363134646,0.03727944882729141,12.382241343118682,1.30547620559217,0.003231048583984375,0.00019168853759765625,4.1961669921875e-05,191,0.350496381521225,0.12461365759372711,234,0.350496381521225,0.12227017432451248,2.8126642640081574,2.8665730089742594
ner,formal_e3_ms256_tner,7,attn_v,attention.self.value,1024x1024,1048576,-2.2292639187071472e-05,0.027912529185414314,0.022166073322296143,0.1387472301721573,0.07281721383333206,0.09418080002069473,0.11337266117334366,0.004621505516763415,0.037142827356743346,6.259441090659747,1.293386481886835,0.003284454345703125,0.00012302398681640625,0.0,599,0.1387472301721573,0.09620332717895508,297,0.1387472301721573,0.09723002463579178,1.4422290188993472,1.4269998459003004
ner,formal_e3_ms256_tner,7,ffn_in,intermediate.dense,4096x1024,4194304,-4.7399393224623054e-05,0.0369170717895031,0.029308076947927475,0.25634607672691345,0.09661102294921875,0.12550538778305054,0.1514045000076294,0.004679742739338279,0.037328815746440945,8.746601736523727,1.299079379886283,0.0034151077270507812,0.00014281272888183594,1.1682510375976562e-05,985,0.25634607672691345,0.12728755176067352,378,0.25634607672691345,0.14261478185653687,2.0139131688925573,1.7974719968704536
ner,formal_e3_ms256_tner,7,ffn_out,output.dense,1024x4096,4194304,-6.0319984186207876e-05,0.03516742214560509,0.027499575167894363,2.831519365310669,0.09288400411605835,0.12819114327430725,0.24008919298648834,0.006353904079032374,0.04032524792867273,102.9659312197832,1.3801207699243103,0.0041811466217041016,0.0005555152893066406,0.00022172927856445312,234,2.831519365310669,0.1419943869113922,176,2.831519365310669,0.1280587762594223,19.941065466746956,22.111091859682922
ner,formal_e3_ms256_tner,8,attn_k,attention.self.key,1024x1024,1048576,-2.097643300658092e-05,0.035518527030944824,0.028147203847765923,0.48595327138900757,0.09293410181999207,0.12271340936422348,0.17090235650539398,0.005181669060276619,0.03800959820771251,17.264708566338758,1.3204346624225431,0.0035142898559570312,0.00026607513427734375,8.7738037109375e-05,924,0.48595327138900757,0.12547016143798828,234,0.48595327138900757,0.12281350046396255,3.8730584691977348,3.9568391874930877
ner,formal_e3_ms256_tner,8,attn_out,attention.output.dense,1024x1024,1048576,-1.1902242476935498e-05,0.025861939415335655,0.020458336919546127,0.5836623311042786,0.06821200251579285,0.08995170891284943,0.11384762823581696,0.005007264428615833,0.03821523512662556,28.529314645641648,1.3187079340182584,0.003879547119140625,0.0002498626708984375,4.1961669921875e-05,466,0.5836623311042786,0.08919256180524826,57,0.5836623311042786,0.09151634573936462,6.5438453531439515,6.377683968790981
ner,formal_e3_ms256_tner,8,attn_q,attention.self.query,1024x1024,1048576,1.7918200683197938e-05,0.036060139536857605,0.02862587384879589,0.4209287464618683,0.09439093619585037,0.12312372773885727,0.15961508452892303,0.004891664178877709,0.03750631002617774,14.704485483491156,1.304402018890772,0.0032958984375,0.00020885467529296875,5.14984130859375e-05,504,0.4209287464618683,0.12679888308048248,234,0.4209287464618683,0.12470819056034088,3.319656579267296,3.375309549200773
ner,formal_e3_ms256_tner,8,attn_v,attention.self.value,1024x1024,1048576,1.022649939841358e-05,0.026997240260243416,0.021424153819680214,0.1516444981098175,0.07071416079998016,0.09121208637952805,0.10869206488132477,0.004619573323846582,0.0372621555980892,7.078202452528928,1.289870166705756,0.0033407211303710938,0.000110626220703125,2.86102294921875e-06,17,0.1516444981098175,0.09288329631090164,464,0.1516444981098175,0.09346255660057068,1.632634759238396,1.6225160494795579
ner,formal_e3_ms256_tner,8,ffn_in,intermediate.dense,4096x1024,4194304,-5.739222979173064e-05,0.03622152656316757,0.028730832040309906,0.27970314025878906,0.09514587372541428,0.12370216101408005,0.1492943912744522,0.004698795869306909,0.03751645164640615,9.735295513417787,1.300131641768067,0.003518819808959961,0.00015234947204589844,6.198883056640625e-06,3838,0.27970314025878906,0.1256810873746872,772,0.27970314025878906,0.14139707386493683,2.225499047640502,1.9781395230707735
ner,formal_e3_ms256_tner,8,ffn_out,output.dense,1024x4096,4194304,-2.464955650793854e-05,0.0343005545437336,0.02689768746495247,2.3400793075561523,0.09140009433031082,0.1252838671207428,0.1836296170949936,0.005911383634292958,0.04007082884309542,86.99927496017128,1.3707192321703674,0.004472970962524414,0.00048613548278808594,0.00012731552124023438,933,2.3400793075561523,0.14162525534629822,3838,2.3400793075561523,0.1194717139005661,16.523036811720157,19.58688991022388
ner,formal_e3_ms256_tner,9,attn_k,attention.self.key,1024x1024,1048576,-5.976824013487203e-07,0.03713351860642433,0.029194917529821396,0.32498544454574585,0.10053672641515732,0.14269497990608215,0.1913267821073532,0.00560997580165424,0.04067749450647325,11.131576042774798,1.4193318699958077,0.005377769470214844,0.0007534027099609375,0.00013828277587890625,649,0.32498544454574585,0.12285513430833817,772,0.32498544454574585,0.14109736680984497,2.6452736092421425,2.303270797276638
ner,formal_e3_ms256_tner,9,attn_out,attention.output.dense,1024x1024,1048576,-3.5492548704496585e-06,0.024118268862366676,0.01898588240146637,0.48738911747932434,0.06453026831150055,0.0863858014345169,0.1128867119550705,0.005223903963742455,0.03919667644890085,25.671133275411048,1.3386865372621002,0.0044307708740234375,0.00039577484130859375,6.29425048828125e-05,466,0.48738911747932434,0.085736945271492,995,0.48738911747932434,0.08640778809785843,5.684703553829364,5.640569307564581
ner,formal_e3_ms256_tner,9,attn_q,attention.self.query,1024x1024,1048576,0.00010100674990098923,0.03803104907274246,0.029888024553656578,0.2847643792629242,0.10302342474460602,0.14674633741378784,0.19689525663852692,0.00560845776560916,0.04072634469713376,9.527708288371484,1.4243977792193423,0.005364418029785156,0.0007686614990234375,0.00013446807861328125,672,0.2847643792629242,0.1264902800321579,238,0.2847643792629242,0.14727996289730072,2.2512747951109597,1.933490297397021
ner,formal_e3_ms256_tner,9,attn_v,attention.self.value,1024x1024,1048576,-2.401221718173474e-05,0.025519415736198425,0.02019677683711052,0.25427138805389404,0.06743942201137543,0.08859336376190186,0.10753972083330154,0.004807994172333424,0.03798166917702767,12.589701322375543,1.313673236211281,0.0038290023803710938,0.0002079010009765625,8.58306884765625e-06,12,0.25427138805389404,0.09059255570173264,234,0.25427138805389404,0.09097447246313095,2.806758083865725,2.7949751305998736
ner,formal_e3_ms256_tner,9,ffn_in,intermediate.dense,4096x1024,4194304,-7.332228415179998e-05,0.03602719306945801,0.028547175228595734,0.33408498764038086,0.09490371495485306,0.12402904033660889,0.15027496218681335,0.004777410271321926,0.037771387500629645,11.702908780471127,1.3068934171397941,0.0036773681640625,0.00018358230590820312,1.430511474609375e-05,1185,0.33408498764038086,0.12556889653205872,374,0.33408498764038086,0.14144793152809143,2.6605711833669443,2.361893765650662
ner,formal_e3_ms256_tner,9,ffn_out,output.dense,1024x4096,4194304,-1.693448211881332e-05,0.03330882266163826,0.026047328487038612,2.7472760677337646,0.0897875726222992,0.12461724877357483,0.17824573814868927,0.00594776991244956,0.04074979639307717,105.47246981972965,1.3879119919834597,0.004980802536010742,0.0006012916564941406,0.0001385211944580078,933,2.7472760677337646,0.1401878446340561,1185,2.7472760677337646,0.11749567091464996,19.59710611790349,23.381934384028614
ner,formal_e3_ms256_tner,10,attn_k,attention.self.key,1024x1024,1048576,1.8292688764631748e-05,0.03740033507347107,0.029345372691750526,0.2959701418876648,0.10205311328172684,0.1437993347644806,0.18811079859733582,0.005545549168510405,0.04093445949415529,10.085751678691985,1.409063674201781,0.005649566650390625,0.00072479248046875,0.0001049041748046875,216,0.2959701418876648,0.12575222551822662,466,0.2959701418876648,0.14290671050548553,2.3535976454330556,2.071072385899638
ner,formal_e3_ms256_tner,10,attn_out,attention.output.dense,1024x1024,1048576,5.643062650051434e-06,0.024448180571198463,0.01911669597029686,0.4059144854545593,0.06677449494600296,0.09051118791103363,0.11767604947090149,0.005446603135421338,0.040564789722462725,21.23350635932387,1.355475439899999,0.005362510681152344,0.0005035400390625,7.534027099609375e-05,466,0.4059144854545593,0.08662688732147217,600,0.4059144854545593,0.08993194997310638,4.685779415670468,4.513573714079875
ner,formal_e3_ms256_tner,10,attn_q,attention.self.query,1024x1024,1048576,1.3612745533464476e-05,0.03803829476237297,0.02980206161737442,0.278837114572525,0.10429403930902481,0.1481195092201233,0.19498880207538605,0.005636497561541163,0.04135490873045139,9.356302867650092,1.4202106870292266,0.00588226318359375,0.0008115768432617188,0.00012111663818359375,188,0.278837114572525,0.12571623921394348,213,0.278837114572525,0.14844179153442383,2.2179880365177085,1.8784273060182137
ner,formal_e3_ms256_tner,10,attn_v,attention.self.value,1024x1024,1048576,9.828770998865366e-06,0.025938762351870537,0.020437465980648994,0.16122163832187653,0.0694107785820961,0.09164659678936005,0.11286832392215729,0.004946439008443185,0.038854785527275504,7.8885336604120875,1.3203510846800885,0.004474639892578125,0.00028324127197265625,1.1444091796875e-05,339,0.16122163832187653,0.09039472788572311,234,0.16122163832187653,0.09498731046915054,1.7835292178288615,1.6972965917825118
ner,formal_e3_ms256_tner,10,ffn_in,intermediate.dense,4096x1024,4194304,-4.696219912148081e-05,0.03575858473777771,0.02829539030790329,0.4543765187263489,0.09449302405118942,0.12436511367559433,0.15487822890281677,0.004891146242979053,0.03810695507173603,16.058323061881755,1.316130105098789,0.0038728713989257812,0.00022983551025390625,2.86102294921875e-05,834,0.4543765187263489,0.1241488978266716,933,0.4543765187263489,0.14336390793323517,3.6599319581613927,3.169392668466828
ner,formal_e3_ms256_tner,10,ffn_out,output.dense,1024x4096,4194304,4.359473678050563e-06,0.033119894564151764,0.025742538273334503,4.293209075927734,0.08974157273769379,0.1255635917186737,0.17685918509960175,0.006010191237856737,0.041311004839216174,166.77489338240082,1.3991686114715676,0.0052509307861328125,0.0006814002990722656,0.0001437664031982422,933,4.293209075927734,0.14109526574611664,3017,4.293209075927734,0.11660706996917725,30.427733015881834,36.81774250105554
ner,formal_e3_ms256_tner,11,attn_k,attention.self.key,1024x1024,1048576,6.68079374008812e-05,0.03822597116231918,0.0302702859044075,0.35305771231651306,0.10079304128885269,0.1337851732969284,0.16954158246517181,0.00494285528882234,0.038163689518754144,11.663507686430743,1.3273254937662498,0.0038967132568359375,0.000247955322265625,3.719329833984375e-05,225,0.35305771231651306,0.13200527429580688,933,0.35305771231651306,0.13518157601356506,2.674572771428481,2.6117295176458426
ner,formal_e3_ms256_tner,11,attn_out,attention.output.dense,1024x1024,1048576,-1.823823004087899e-05,0.027421526610851288,0.02146059460937977,0.3833889067173004,0.07469537854194641,0.10060401260852814,0.12762539088726044,0.005296803949835304,0.04023076197347775,17.864784909069243,1.346857256396824,0.005261421203613281,0.00045108795166015625,5.435943603515625e-05,466,0.3833889067173004,0.09512456506490707,4,0.3833889067173004,0.10243825614452362,4.030388012346755,3.7426340621847505
ner,formal_e3_ms256_tner,11,attn_q,attention.self.query,1024x1024,1048576,-5.491907359100878e-05,0.038997191935777664,0.030886990949511528,0.26423048973083496,0.10307086259126663,0.13615532219409943,0.16935843229293823,0.0048826705119552885,0.03813560439979262,8.554750126444858,1.320987510641403,0.003910064697265625,0.000255584716796875,1.430511474609375e-05,808,0.26423048973083496,0.13309988379478455,108,0.26423048973083496,0.13973380625247955,1.985204511059,1.8909560743905252
ner,formal_e3_ms256_tner,11,attn_v,attention.self.value,1024x1024,1048576,7.309412467293441e-06,0.02898705005645752,0.022880809381604195,0.18661324679851532,0.07703355699777603,0.1006665825843811,0.1209377571940422,0.004805097575382563,0.03827471147320332,8.155884859062258,1.3067887101109372,0.004033088684082031,0.0001773834228515625,7.62939453125e-06,39,0.18661324679851532,0.10272826999425888,437,0.18661324679851532,0.10298656672239304,1.8165714930169121,1.8120154184918449
ner,formal_e3_ms256_tner,11,ffn_in,intermediate.dense,4096x1024,4194304,-3.649498103186488e-05,0.03628573194146156,0.028690453618764877,0.5405214428901672,0.0960877537727356,0.1265442967414856,0.1572677195072174,0.004904385538077799,0.0382344152821483,18.839766358264942,1.3169659168095975,0.003952980041503906,0.00023984909057617188,2.4318695068359375e-05,2445,0.5405214428901672,0.12587077915668488,136,0.5405214428901672,0.14528889954090118,4.294256748957771,3.72032168044608
ner,formal_e3_ms256_tner,11,ffn_out,output.dense,1024x4096,4194304,1.154563324234914e-05,0.03377625718712807,0.02625032514333725,5.519632816314697,0.09205830842256546,0.1288262903690338,0.1812865436077118,0.005937125058610508,0.04147545816245698,210.26912185564558,1.3993988438033882,0.005475521087646484,0.0006983280181884766,0.0001468658447265625,933,5.519632816314697,0.1452333927154541,2445,5.519632816314697,0.12026659399271011,38.00525976232572,45.894979088285034
ner,formal_e3_ms256_tner,12,attn_k,attention.self.key,1024x1024,1048576,1.4314927284431178e-05,0.03795985132455826,0.030049100518226624,0.36319559812545776,0.10032437741756439,0.13454695045948029,0.17220880091190338,0.0050743480717295435,0.03844257082354563,12.086737767912798,1.341119216713169,0.0040073394775390625,0.00032901763916015625,5.054473876953125e-05,953,0.36319559812545776,0.13159359991550446,933,0.36319559812545776,0.13721399009227753,2.7599791962425506,2.6469283334826557
ner,formal_e3_ms256_tner,12,attn_out,attention.output.dense,1024x1024,1048576,-3.8941125239944085e-06,0.02814074046909809,0.022033264860510826,0.2892169952392578,0.07631004601716995,0.10156367719173431,0.13219180703163147,0.005256631422161888,0.039897531337974856,13.126379457163777,1.330934555705578,0.004947662353515625,0.0003986358642578125,7.05718994140625e-05,466,0.2892169952392578,0.09778561443090439,833,0.2892169952392578,0.10476963967084885,2.957664038033114,2.760503864935308
ner,formal_e3_ms256_tner,12,attn_q,attention.self.query,1024x1024,1048576,2.214830237790011e-05,0.03826683759689331,0.030275605618953705,0.2560526430606842,0.10155487805604935,0.1354960799217224,0.17083652317523956,0.004988612059966192,0.038429941980148756,8.457391283376518,1.3342153770982867,0.004067420959472656,0.0003108978271484375,2.86102294921875e-05,866,0.2560526430606842,0.12998414039611816,933,0.2560526430606842,0.1393142193555832,1.9698760347253175,1.837950528274073
ner,formal_e3_ms256_tner,12,attn_v,attention.self.value,1024x1024,1048576,-2.7638505343929864e-05,0.029431845992803574,0.0231266301125288,0.1867278814315796,0.07892988622188568,0.10460125654935837,0.12790848314762115,0.004967074656200077,0.03897705403062093,8.074150039283941,1.3252427129478686,0.004418373107910156,0.00027370452880859375,1.33514404296875e-05,858,0.1867278814315796,0.10563250631093979,725,0.1867278814315796,0.10760948807001114,1.7677123070613083,1.7352362210857626
ner,formal_e3_ms256_tner,12,ffn_in,intermediate.dense,4096x1024,4194304,-9.639496056479402e-06,0.03604108840227127,0.028498560190200806,0.48354852199554443,0.09556931257247925,0.12583522498607635,0.15317317843437195,0.0048490615846433945,0.038217821277423444,16.96747199747347,1.316690699126287,0.003987789154052734,0.0002181529998779297,1.3828277587890625e-05,2990,0.48354852199554443,0.12468703836202621,933,0.48354852199554443,0.1428965926170349,3.878097742538173,3.3839051942369403
ner,formal_e3_ms256_tner,12,ffn_out,output.dense,1024x4096,4194304,1.5854537195991725e-05,0.03370976820588112,0.02617093175649643,4.975360870361328,0.09220466017723083,0.12903498113155365,0.17772990465164185,0.005912543480931377,0.04163435741243744,190.11019235592522,1.3994409922831401,0.005634307861328125,0.0007152557373046875,0.00014448165893554688,933,4.975360870361328,0.14804014563560486,346,4.975360870361328,0.11885774880647659,33.608186813109384,41.859793916021225
ner,formal_e3_ms256_tner,13,attn_k,attention.self.key,1024x1024,1048576,2.0590641724993475e-06,0.03832830861210823,0.030403858050704002,0.31876057386398315,0.10061873495578766,0.1322193592786789,0.16850890219211578,0.00488217168673647,0.03772899051255879,10.484214645798948,1.3140630255068968,0.0035867691040039062,0.00022125244140625,4.100799560546875e-05,739,0.31876057386398315,0.1355399638414383,933,0.31876057386398315,0.13292139768600464,2.351782934197075,2.3981133166909636
ner,formal_e3_ms256_tner,13,attn_out,attention.output.dense,1024x1024,1048576,-4.419294782564975e-06,0.02839750051498413,0.022252701222896576,0.2793505787849426,0.07705257833003998,0.10249800980091095,0.1263877898454666,0.005110879379446996,0.039693849593381604,12.55355814949374,1.3302346530427618,0.00494384765625,0.0003452301025390625,3.719329833984375e-05,466,0.2793505787849426,0.09881419688463211,878,0.2793505787849426,0.1041545644402504,2.8270287832333545,2.682077163744424
ner,formal_e3_ms256_tner,13,attn_q,attention.self.query,1024x1024,1048576,2.7376274374546483e-05,0.03828441724181175,0.030394451692700386,0.26157137751579285,0.10033558309078217,0.13030573725700378,0.15762369334697723,0.00469752771680689,0.03744350451531837,8.605892291145116,1.298699157796343,0.0035161972045898438,0.00014972686767578125,1.1444091796875e-05,276,0.26157137751579285,0.13149435818195343,933,0.26157137751579285,0.13307659327983856,1.9892212953642254,1.9655701357319129
ner,formal_e3_ms256_tner,13,attn_v,attention.self.value,1024x1024,1048576,-3.010078398801852e-05,0.028831008821725845,0.022730309516191483,0.1868671178817749,0.07694745808839798,0.10104680061340332,0.12299509346485138,0.00487462707911963,0.03851915437717288,8.221054700054298,1.3131921849493688,0.004151344299316406,0.00023555755615234375,5.7220458984375e-06,599,0.1868671178817749,0.10043948888778687,567,0.1868671178817749,0.10314126312732697,1.8604945121788385,1.8117590595248878
ner,formal_e3_ms256_tner,13,ffn_in,intermediate.dense,4096x1024,4194304,3.708349686348811e-05,0.03509724512696266,0.02776923216879368,0.30649763345718384,0.0929582342505455,0.12301776558160782,0.15466667711734772,0.004941476563057044,0.03824476927346044,11.037310343842265,1.3233659887519422,0.003953695297241211,0.00026035308837890625,3.5762786865234375e-05,568,0.30649763345718384,0.1189771220088005,981,0.30649763345718384,0.14413461089134216,2.5761056267146283,2.1264679701965634
ner,formal_e3_ms256_tner,13,ffn_out,output.dense,1024x4096,4194304,1.5950641682138667e-05,0.033648714423179626,0.026127977296710014,4.615163326263428,0.09173252433538437,0.12895335257053375,0.17920680344104767,0.005952552757466467,0.041551929512564416,176.6368392720764,1.405753886146923,0.005498409271240234,0.0007231235504150391,0.0001506805419921875,933,4.615163326263428,0.15064208209514618,3381,4.615163326263428,0.11682648956775665,30.636614032913265,39.504425266383954
ner,formal_e3_ms256_tner,14,attn_k,attention.self.key,1024x1024,1048576,-4.002778587164357e-05,0.03733229264616966,0.029602104797959328,0.3715568482875824,0.09780875593423843,0.12839139997959137,0.16515371203422546,0.004897988613692149,0.03770997549851946,12.551703698893611,1.3126779780934452,0.003513336181640625,0.0002307891845703125,3.910064697265625e-05,718,0.3715568482875824,0.13153216242790222,933,0.3715568482875824,0.13021504878997803,2.824836461509913,2.853409431093184
ner,formal_e3_ms256_tner,14,attn_out,attention.output.dense,1024x1024,1048576,1.1047430234611966e-05,0.028807440772652626,0.022663138806819916,0.27236872911453247,0.07731112837791443,0.1026981920003891,0.1289699226617813,0.005045704920943061,0.03907908662894771,12.018137974452586,1.3283752825127182,0.004462242126464844,0.0003147125244140625,3.337860107421875e-05,18,0.27236872911453247,0.10052972286939621,566,0.27236872911453247,0.10528503358364105,2.7093353223342906,2.586965305929793
ner,formal_e3_ms256_tner,14,attn_q,attention.self.query,1024x1024,1048576,-6.909067451488227e-07,0.03755376860499382,0.029820574447512627,0.29251915216445923,0.09815237671136856,0.12838594615459442,0.15656974911689758,0.004735699289541362,0.03737810824483181,9.809306412903748,1.3080268706292473,0.0033960342407226562,0.00016021728515625,1.811981201171875e-05,907,0.29251915216445923,0.12966206669807434,933,0.29251915216445923,0.13057465851306915,2.256011797541428,2.2402444356014235
ner,formal_e3_ms256_tner,14,attn_v,attention.self.value,1024x1024,1048576,-3.1682386179454625e-05,0.030059680342674255,0.023763548582792282,0.17256489396095276,0.07971025258302689,0.10433933138847351,0.12524649500846863,0.004784858779418305,0.03808400166782176,7.261747687208251,1.3089825713422845,0.00391387939453125,0.00017547607421875,7.62939453125e-06,955,0.17256489396095276,0.10596159100532532,236,0.17256489396095276,0.10792384296655655,1.6285608051343827,1.5989506045890822
ner,formal_e3_ms256_tner,14,ffn_in,intermediate.dense,4096x1024,4194304,4.020388951175846e-05,0.03508484363555908,0.027787283062934875,0.2421228140592575,0.09265764057636261,0.12229674309492111,0.15209880471229553,0.004860143541935131,0.03801817466522735,8.713439651904013,1.3198775873656292,0.003818988800048828,0.0002410411834716797,1.7881393432617188e-05,2883,0.2421228140592575,0.11904540657997131,422,0.2421228140592575,0.1424614042043686,2.0338694370085273,1.6995677910904152
ner,formal_e3_ms256_tner,14,ffn_out,output.dense,1024x4096,4194304,-4.08282176067587e-06,0.03367871046066284,0.026235807687044144,3.1557836532592773,0.09158194810152054,0.1280975639820099,0.183949276804924,0.0059930668479107425,0.041362588054930115,120.2853630771839,1.3987206718949787,0.005407571792602539,0.0006840229034423828,0.00016570091247558594,933,3.1557836532592773,0.1486186683177948,968,3.1557836532592773,0.11858585476875305,21.234099921492977,26.611805087657174
ner,formal_e3_ms256_tner,15,attn_k,attention.self.key,1024x1024,1048576,-3.7040445022284985e-07,0.03667249158024788,0.02904335968196392,0.34884557127952576,0.09613509476184845,0.12879066169261932,0.20466819405555725,0.005325490090290001,0.038344903506710104,12.011198948727708,1.3396841394047323,0.0037012100219726562,0.000385284423828125,0.00014019012451171875,931,0.34884557127952576,0.13113930821418762,466,0.34884557127952576,0.12734843790531158,2.660114469337921,2.739299963293666
ner,formal_e3_ms256_tner,15,attn_out,attention.output.dense,1024x1024,1048576,-6.452582965721376e-07,0.028228571638464928,0.02221081778407097,0.5389989614486694,0.07570633292198181,0.09986072778701782,0.12305236607789993,0.00503428328581988,0.03902264324102747,24.26740729173987,1.3190538219560577,0.004469871520996094,0.00028133392333984375,3.147125244140625e-05,18,0.5389989614486694,0.09805549681186676,443,0.5389989614486694,0.10270942002534866,5.496876554333457,5.247804547193866
ner,formal_e3_ms256_tner,15,attn_q,attention.self.query,1024x1024,1048576,1.812061236705631e-05,0.03685535490512848,0.029239822179079056,0.3153526186943054,0.09670622646808624,0.12697181105613708,0.15833516418933868,0.00483143743219682,0.037675679114741296,10.785038867983904,1.3129641771105474,0.0035409927368164062,0.00020313262939453125,3.147125244140625e-05,441,0.3153526186943054,0.12735414505004883,466,0.3153526186943054,0.13045340776443481,2.4761865314267957,2.4173582284929718
ner,formal_e3_ms256_tner,15,attn_v,attention.self.value,1024x1024,1048576,-1.2824242730857804e-05,0.029522713273763657,0.02332945726811886,0.14819437265396118,0.0782897025346756,0.10224012285470963,0.1226881816983223,0.004754324223724775,0.038055566999419636,6.35224261545415,1.305920440934439,0.00390625,0.0001659393310546875,1.9073486328125e-06,839,0.14819437265396118,0.10425514727830887,633,0.14819437265396118,0.10378985106945038,1.421458570849808,1.4278310559940757
ner,formal_e3_ms256_tner,15,ffn_in,intermediate.dense,4096x1024,4194304,-8.316932508023456e-06,0.03465252369642258,0.027470212429761887,0.2355099618434906,0.09115538001060486,0.11913546919822693,0.1449856162071228,0.004745673413736329,0.03770942390804205,8.573285060887752,1.3069493998529425,0.003671407699584961,0.0001747608184814453,7.867813110351562e-06,665,0.2355099618434906,0.11836672574281693,633,0.2355099618434906,0.13741272687911987,1.9896635677428334,1.7138875502460957
ner,formal_e3_ms256_tner,15,ffn_out,output.dense,1024x4096,4194304,-6.933290933375247e-06,0.033126309514045715,0.025909874588251114,2.6489365100860596,0.08936570584774017,0.12333886325359344,0.17280319333076477,0.005763452927149158,0.040546844098793854,102.23656239877074,1.3801587766087382,0.0050084590911865234,0.0005578994750976562,0.0001239776611328125,18,2.6489365100860596,0.14130054414272308,31,2.6489365100860596,0.11650590598583221,18.746824551577486,22.736499816654664
ner,formal_e3_ms256_tner,16,attn_k,attention.self.key,1024x1024,1048576,7.869805813243147e-06,0.037877582013607025,0.030064694583415985,0.32617464661598206,0.09901264309883118,0.13094733655452728,0.17453469336032867,0.004983419699291116,0.03776947139123937,10.8490923036319,1.3225314712972558,0.0035953521728515625,0.000278472900390625,7.343292236328125e-05,352,0.32617464661598206,0.13417020440101624,933,0.32617464661598206,0.1306615024805069,2.431051276042563,2.4963332000919194
ner,formal_e3_ms256_tner,16,attn_out,attention.output.dense,1024x1024,1048576,1.6565227269893512e-06,0.02790258079767227,0.022014284506440163,0.3507276773452759,0.07441870868206024,0.0977272167801857,0.1208823025226593,0.004940237998620676,0.03855889879191923,15.931822687340683,1.3132076397308454,0.004154205322265625,0.0002460479736328125,2.574920654296875e-05,18,0.3507276773452759,0.09658680111169815,280,0.3507276773452759,0.10067376494407654,3.6312174469850764,3.483804122554692
ner,formal_e3_ms256_tner,16,attn_q,attention.self.query,1024x1024,1048576,-4.6694058255525306e-05,0.037769414484500885,0.03000771254301071,0.2431698441505432,0.09864223003387451,0.12821674346923828,0.15651249885559082,0.004686397345314181,0.037218685623355244,8.103578165180119,1.299815945211373,0.0033092498779296875,0.000156402587890625,1.1444091796875e-05,523,0.2431698441505432,0.13197928667068481,933,0.2431698441505432,0.13154998421669006,1.8424849102064134,1.8484977067727513
ner,formal_e3_ms256_tner,16,attn_v,attention.self.value,1024x1024,1048576,2.6250909286318347e-06,0.028979673981666565,0.022939328104257584,0.16011402010917664,0.07656021416187286,0.10025759041309357,0.12069930881261826,0.004773246975975234,0.037928126586928394,6.979891450240827,1.3095259921963756,0.003818511962890625,0.000186920166015625,2.86102294921875e-06,697,0.16011402010917664,0.10085410624742508,228,0.16011402010917664,0.1031961739063263,1.5875805762074713,1.5515499659368774
ner,formal_e3_ms256_tner,16,ffn_in,intermediate.dense,4096x1024,4194304,2.3397205950459465e-05,0.03421884775161743,0.027146322652697563,0.2249571681022644,0.08988314121961594,0.11758174002170563,0.14386960864067078,0.004749683637639751,0.03759529509633924,8.286837631022932,1.3081623364098094,0.0035696029663085938,0.00017380714416503906,1.33514404296875e-05,3194,0.2249571681022644,0.1168285384774208,194,0.2249571681022644,0.13450920581817627,1.9255326740712533,1.6724295317478253
ner,formal_e3_ms256_tner,16,ffn_out,output.dense,1024x4096,4194304,1.7214024410350248e-06,0.03270179405808449,0.025607610121369362,1.2594863176345825,0.08830814808607101,0.12358395755290985,0.18561577796936035,0.00593266544920305,0.040798999867689666,49.1840633180974,1.3994626796211,0.005055904388427734,0.0006725788116455078,0.0001780986785888672,18,1.2594863176345825,0.14837612211704254,1644,1.2594863176345825,0.11550264060497284,8.488470379628,10.904394142313286
ner,formal_e3_ms256_tner,17,attn_k,attention.self.key,1024x1024,1048576,-1.890939165605232e-05,0.04045618325471878,0.03213711082935333,0.35439032316207886,0.10548311471939087,0.13789381086826324,0.1806371659040451,0.004891790308389959,0.0374557408128679,11.027448143794759,1.3072595669467308,0.00335693359375,0.00023174285888671875,6.008148193359375e-05,6,0.35439032316207886,0.14195631444454193,18,0.35439032316207886,0.13818708062171936,2.4964745284404275,2.564569144724938
ner,formal_e3_ms256_tner,17,attn_out,attention.output.dense,1024x1024,1048576,-3.6902511055814102e-06,0.026647550985217094,0.021042250096797943,0.15478740632534027,0.07095009088516235,0.09286349266767502,0.11237698048353195,0.0048082298070668845,0.038267262014989506,7.356029208534818,1.3088565709941236,0.004001617431640625,0.00020599365234375,3.814697265625e-06,18,0.15478740632534027,0.09276504814624786,897,0.15478740632534027,0.09446251392364502,1.668596194563621,1.638611973109846
ner,formal_e3_ms256_tner,17,attn_q,attention.self.query,1024x1024,1048576,3.661459777504206e-05,0.04050978273153305,0.03221951425075531,0.21849434077739716,0.10546793788671494,0.13642068207263947,0.16302843391895294,0.004599537720867259,0.03696658071121512,6.781428766334523,1.293480130607763,0.0031423568725585938,0.00010585784912109375,5.7220458984375e-06,113,0.21849434077739716,0.1385343074798584,933,0.21849434077739716,0.1402081400156021,1.5771857870597448,1.5583570308619992
ner,formal_e3_ms256_tner,17,attn_v,attention.self.value,1024x1024,1048576,-2.4727629352128133e-05,0.0274980328977108,0.02178482711315155,0.1747564673423767,0.07252887636423111,0.09437942504882812,0.11324124783277512,0.00473038156473267,0.03770863009634359,8.021935011679567,1.3012668854108016,0.0036563873291015625,0.0001583099365234375,8.58306884765625e-06,267,0.1747564673423767,0.0952957347035408,633,0.1747564673423767,0.09725026786327362,1.833833044952467,1.796976719776966
ner,formal_e3_ms256_tner,17,ffn_in,intermediate.dense,4096x1024,4194304,5.739834887208417e-05,0.033202238380908966,0.026290543377399445,0.5675553679466248,0.0865064412355423,0.11541841179132462,0.21488988399505615,0.005654839300405225,0.038419831185065596,21.5878142874187,1.3342175466108928,0.0034546852111816406,0.00039839744567871094,0.00020122528076171875,2690,0.5675553679466248,0.11225439608097076,834,0.5675553679466248,0.14141644537448883,5.05597453428228,4.013361857906028
ner,formal_e3_ms256_tner,17,ffn_out,output.dense,1024x4096,4194304,-8.146635082084686e-06,0.032028235495090485,0.025024961680173874,4.455631732940674,0.0845176950097084,0.11452534794807434,0.16005036234855652,0.0056718352698669925,0.03950946225184728,178.0474947328557,1.3550458035434947,0.0040433406829833984,0.0004029273986816406,9.989738464355469e-05,314,4.455631732940674,0.13361196219921112,2690,4.455631732940674,0.11066784709692001,33.347551069547734,40.26130307783568
ner,formal_e3_ms256_tner,18,attn_k,attention.self.key,1024x1024,1048576,2.291189957759343e-05,0.0391354076564312,0.031100809574127197,0.3228468894958496,0.10204831510782242,0.13342030346393585,0.16795721650123596,0.004783618278930738,0.037342948215021515,10.380658700422588,1.3074228939788604,0.0033779144287109375,0.0001926422119140625,3.337860107421875e-05,116,0.3228468894958496,0.13655847311019897,314,0.3228468894958496,0.13459725677967072,2.3641659293841175,2.3986141859067347
ner,formal_e3_ms256_tner,18,attn_out,attention.output.dense,1024x1024,1048576,-5.553921255341265e-06,0.027032336220145226,0.021402673795819283,0.14885282516479492,0.07144033908843994,0.0930703803896904,0.1134401261806488,0.004765472339563393,0.03785935313541923,6.954870526217676,1.3027706975812843,0.0037603378295898438,0.00018596649169921875,4.76837158203125e-06,677,0.14885282516479492,0.09438471496105194,235,0.14885282516479492,0.09386160224676132,1.5770861333449953,1.5858756040991306
ner,formal_e3_ms256_tner,18,attn_q,attention.self.query,1024x1024,1048576,2.4695455067558214e-05,0.038963139057159424,0.0309853944927454,0.2836892902851105,0.10160009562969208,0.13135582208633423,0.158892422914505,0.004647959213730294,0.037066542263472474,9.155581038399577,1.2928710477310437,0.0032243728637695312,0.00013065338134765625,1.71661376953125e-05,913,0.2836892902851105,0.1342686414718628,314,0.2836892902851105,0.1332658976316452,2.1128484445458557,2.128746328406119
ner,formal_e3_ms256_tner,18,attn_v,attention.self.value,1024x1024,1048576,5.167326162336394e-05,0.02896365523338318,0.02293865755200386,0.1904255598783493,0.07630828022956848,0.0995800644159317,0.12139865756034851,0.0047591017698356925,0.03776139509811453,8.301512825963707,1.3049706285654923,0.0036725997924804688,0.00016689300537109375,9.5367431640625e-06,552,0.1904255598783493,0.09906661510467529,633,0.1904255598783493,0.10264259576797485,1.922197096137208,1.8552293855546014
ner,formal_e3_ms256_tner,18,ffn_in,intermediate.dense,4096x1024,4194304,8.039063686737791e-05,0.03273820877075195,0.02591755799949169,1.1509089469909668,0.08482932299375534,0.11186466366052628,0.21183866262435913,0.00564151182628795,0.03812405390163545,44.40653502207033,1.3187027753217024,0.0031936168670654297,0.00031113624572753906,0.00016617774963378906,3874,1.1509089469909668,0.1106768548488617,929,1.1509089469909668,0.15067973732948303,10.39882230627738,7.638113573786885
ner,formal_e3_ms256_tner,18,ffn_out,output.dense,1024x4096,4194304,-1.1435567103035282e-05,0.0322294756770134,0.02519676461815834,5.443109035491943,0.08439025282859802,0.1131797581911087,0.1521180421113968,0.005421646563348047,0.0388890223627435,216.02412523905167,1.3411472817954937,0.0037391185760498047,0.00032019615173339844,7.62939453125e-05,314,5.443109035491943,0.13016639649868011,3874,5.443109035491943,0.1107756495475769,41.81654545186043,49.13633147467295
ner,formal_e3_ms256_tner,19,attn_k,attention.self.key,1024x1024,1048576,-3.403182199690491e-05,0.03787772357463837,0.030135514214634895,0.29586151242256165,0.09841473400592804,0.12802192568778992,0.162027508020401,0.004756147265376388,0.037074234305821276,9.81770247274827,1.300841047643115,0.0031757354736328125,0.00018405914306640625,3.4332275390625e-05,832,0.29586151242256165,0.1305759698152542,91,0.29586151242256165,0.12939248979091644,2.265818992890975,2.2865431595036174
ner,formal_e3_ms256_tner,19,attn_out,attention.output.dense,1024x1024,1048576,1.0233683497062884e-05,0.028676683083176613,0.02277357317507267,0.1738170087337494,0.0748768150806427,0.09761220216751099,0.11773074418306351,0.004671752659128323,0.037272210909789244,7.6323995096212975,1.3036372081582552,0.0033960342407226562,0.00013065338134765625,7.62939453125e-06,143,0.1738170087337494,0.09995481371879578,548,0.1738170087337494,0.09958864748477936,1.7389558568209744,1.7453496269272533
ner,formal_e3_ms256_tner,19,attn_q,attention.self.query,1024x1024,1048576,1.7318219761364162e-05,0.0377618707716465,0.030019018799066544,0.32844117283821106,0.09825044870376587,0.12998351454734802,0.1817723512649536,0.004999475338318171,0.03749182196352546,10.941102873369868,1.3229813834159705,0.0032854080200195312,0.00029277801513671875,8.0108642578125e-05,358,0.32844117283821106,0.13415959477424622,314,0.32844117283821106,0.1286812424659729,2.4481377823992942,2.5523624620352927
ner,formal_e3_ms256_tner,19,attn_v,attention.self.value,1024x1024,1048576,-5.078251433587866e-06,0.02997053600847721,0.023717675358057022,0.16325287520885468,0.0792408213019371,0.10346238315105438,0.12504348158836365,0.0047643308447201166,0.03793129428829693,6.883173529626578,1.3056702524173,0.0038175582885742188,0.0001850128173828125,5.7220458984375e-06,541,0.16325287520885468,0.10430441051721573,66,0.16325287520885468,0.1060781180858612,1.565157929557632,1.5389872874320354
ner,formal_e3_ms256_tner,19,ffn_in,intermediate.dense,4096x1024,4194304,4.3051550164818764e-05,0.03232366964221001,0.025743303820490837,0.46531054377555847,0.08367419987916946,0.10784167796373367,0.13147088885307312,0.004626418289356117,0.03672604780421669,18.075012710885474,1.2888283140975771,0.002954244613647461,0.0001227855682373047,1.9311904907226562e-05,4021,0.46531054377555847,0.109467051923275,929,0.46531054377555847,0.12557870149612427,4.250690373042043,3.7053301095800815
ner,formal_e3_ms256_tner,19,ffn_out,output.dense,1024x4096,4194304,-1.0962042324536014e-05,0.03244705870747566,0.02536732517182827,5.364895343780518,0.08414861559867859,0.11519324034452438,0.2071380913257599,0.006191543433615692,0.039425615165424664,211.48841304476642,1.3689261495863907,0.003506183624267578,0.0004870891571044922,0.0002167224884033203,314,5.364895343780518,0.13329704105854034,4021,5.364895343780518,0.11552093923091888,40.24767017464705,46.44089097177819
ner,formal_e3_ms256_tner,20,attn_k,attention.self.key,1024x1024,1048576,-4.3686550270649604e-06,0.03765382617712021,0.029853379353880882,0.3735921382904053,0.09849806129932404,0.129429429769516,0.19111810624599457,0.00511248354459744,0.03791527449442708,12.514232772841478,1.3140302262010535,0.003520965576171875,0.000301361083984375,0.000102996826171875,319,0.3735921382904053,0.13203632831573486,143,0.3735921382904053,0.1295313537120819,2.829464762130045,2.884183076792463
ner,formal_e3_ms256_tner,20,attn_out,attention.output.dense,1024x1024,1048576,-2.898626235037227e-06,0.030292190611362457,0.024096155539155006,0.2196660041809082,0.0786954015493393,0.10221228748559952,0.12312471121549606,0.004619570363756882,0.03698896631823461,9.116226189026806,1.2988343089083287,0.0032062530517578125,0.000125885009765625,1.1444091796875e-05,143,0.2196660041809082,0.1048046424984932,173,0.2196660041809082,0.1036154255270958,2.0959568101581607,2.120012566309104
ner,formal_e3_ms256_tner,20,attn_q,attention.self.query,1024x1024,1048576,2.581000080681406e-05,0.037483278661966324,0.029725652188062668,0.43573638796806335,0.09786446392536163,0.13048070669174194,0.20393070578575134,0.0052802373910306,0.03806076372853713,14.658598075874949,1.3332797366698474,0.0034961700439453125,0.00036525726318359375,0.00014400482177734375,302,0.43573638796806335,0.13382741808891296,91,0.43573638796806335,0.12849929928779602,3.2559575174540583,3.390963144414956
ner,formal_e3_ms256_tner,20,attn_v,attention.self.value,1024x1024,1048576,4.876379534834996e-06,0.031941525638103485,0.025192927569150925,0.22087644040584564,0.08517953753471375,0.11478230357170105,0.14945518970489502,0.00511976757995172,0.038958155426661784,8.767398699479127,1.3475337727082999,0.004382133483886719,0.000385284423828125,4.863739013671875e-05,584,0.22087644040584564,0.11210296303033829,148,0.22087644040584564,0.1132700964808464,1.9702997533265032,1.9499978129107987
ner,formal_e3_ms256_tner,20,ffn_in,intermediate.dense,4096x1024,4194304,1.2360127584543079e-05,0.032536283135414124,0.025902805849909782,0.47841504216194153,0.08406472951173782,0.10863509774208069,0.1423899531364441,0.00484801619308231,0.03690047974456193,18.469622361919058,1.2922791564673046,0.0028846263885498047,0.00016736984252929688,6.842613220214844e-05,318,0.47841504216194153,0.1101347878575325,370,0.47841504216194153,0.13267919421195984,4.343904877547018,3.605803042469915
ner,formal_e3_ms256_tner,20,ffn_out,output.dense,1024x4096,4194304,-2.8605842089746147e-05,0.0336139015853405,0.0257393978536129,5.015675067901611,0.08552218973636627,0.12955723702907562,0.3204638659954071,0.008625073871636866,0.04239902692967388,194.8637297743773,1.514896162369712,0.0033996105194091797,0.000888824462890625,0.0005419254302978516,314,5.015675067901611,0.1286819726228714,318,5.015675067901611,0.1313486248254776,38.97729391047698,38.185973203495045
ner,formal_e3_ms256_tner,21,attn_k,attention.self.key,1024x1024,1048576,-6.436790499719791e-06,0.03839050605893135,0.030559323728084564,0.3318454623222351,0.09958555549383163,0.12901908159255981,0.15710455179214478,0.004637563731180224,0.036840165753487114,10.859057787894148,1.295560193973626,0.0030641555786132812,0.00012683868408203125,1.430511474609375e-05,756,0.3318454623222351,0.1320083737373352,18,0.3318454623222351,0.13162705302238464,2.5138213048706097,2.521103790615149
ner,formal_e3_ms256_tner,21,attn_out,attention.output.dense,1024x1024,1048576,-5.9048543334938586e-06,0.0307762511074543,0.02447494864463806,0.1973959505558014,0.08003395050764084,0.10375923663377762,0.12489745020866394,0.004637961965980988,0.036956215399248454,8.065224300237567,1.296440272854852,0.0030698776245117188,0.00012493133544921875,1.1444091796875e-05,929,0.1973959505558014,0.1065433993935585,826,0.1973959505558014,0.10517200827598572,1.8527281059115122,1.8768867666557003
ner,formal_e3_ms256_tner,21,attn_q,attention.self.query,1024x1024,1048576,-3.128404205199331e-05,0.03852968290448189,0.03063671849668026,0.31922033429145813,0.10016603767871857,0.13055968284606934,0.17703674733638763,0.00487510976283203,0.037260191429175755,10.419534139273052,1.303432639162967,0.0032196044921875,0.000244140625,6.198883056640625e-05,503,0.31922033429145813,0.1346045881509781,314,0.31922033429145813,0.13096728920936584,2.3715412578166157,2.4374050667044713
ner,formal_e3_ms256_tner,21,attn_v,attention.self.value,1024x1024,1048576,1.0028938959294464e-06,0.03115542232990265,0.02462228760123253,0.20499801635742188,0.08279521763324738,0.11033155024051666,0.14003536105155945,0.005005551554052163,0.038562623732978085,8.325709604137684,1.33258361285123,0.004149436950683594,0.00030422210693359375,3.62396240234375e-05,435,0.20499801635742188,0.10927129536867142,148,0.20499801635742188,0.1099010482430458,1.8760463639218077,1.865296279104358
ner,formal_e3_ms256_tner,21,ffn_in,intermediate.dense,4096x1024,4194304,5.195439371163957e-06,0.03309104964137077,0.02619057148694992,1.3996803760528564,0.08494735509157181,0.11031965166330338,0.24559780955314636,0.005761132546748599,0.03783109590841476,53.44214717690604,1.2986825963490054,0.0027909278869628906,0.00023365020751953125,0.0001456737518310547,698,1.3996803760528564,0.1115163266658783,143,1.3996803760528564,0.20181193947792053,12.551349366506079,6.935567735356857
ner,formal_e3_ms256_tner,21,ffn_out,output.dense,1024x4096,4194304,-5.779486400570022e-06,0.033243563026189804,0.02542172186076641,5.687290668487549,0.08388365060091019,0.12129885703325272,0.3072776198387146,0.008170997240072177,0.041456287624513824,223.71775993918018,1.4460369352587112,0.0030341148376464844,0.0007231235504150391,0.0004241466522216797,314,5.687290668487549,0.12634342908859253,698,5.687290668487549,0.12170689553022385,45.01453466566589,46.729403816525796
ner,formal_e3_ms256_tner,22,attn_k,attention.self.key,1024x1024,1048576,2.0479799786699004e-05,0.03895352780818939,0.031040655449032784,0.21597875654697418,0.10061938315629959,0.12943384051322937,0.15475806593894958,0.0045316219942303625,0.036534275787474514,6.957931571438644,1.2863708408167254,0.0029277801513671875,9.250640869140625e-05,4.76837158203125e-06,93,0.21597875654697418,0.13328883051872253,235,0.21597875654697418,0.13266095519065857,1.6203815106370563,1.6280506667283705
ner,formal_e3_ms256_tner,22,attn_out,attention.output.dense,1024x1024,1048576,1.1645078302535694e-05,0.03123413771390915,0.02487407624721527,0.25921356678009033,0.08095312863588333,0.10403082519769669,0.12505242228507996,0.004567061068967381,0.03668992145373639,10.421032893999836,1.285074795139961,0.0029783248901367188,0.00010204315185546875,6.67572021484375e-06,929,0.25921356678009033,0.10691719502210617,65,0.25921356678009033,0.10737638175487518,2.4244329148973223,2.414065016381699
ner,formal_e3_ms256_tner,22,attn_q,attention.self.query,1024x1024,1048576,-1.687780059000943e-05,0.03927633911371231,0.031205082312226295,0.3714384436607361,0.10195674002170563,0.1358487457036972,0.2165067046880722,0.00530641871913743,0.037754965483703586,11.903139365064414,1.3324155487393603,0.0032682418823242188,0.00039196014404296875,0.000148773193359375,603,0.3714384436607361,0.13861864805221558,314,0.3714384436607361,0.13275393843650818,2.679570525899378,2.7979466977424767
ner,formal_e3_ms256_tner,22,attn_v,attention.self.value,1024x1024,1048576,1.2292516657907981e-06,0.03118017688393593,0.02470962516963482,0.2159382402896881,0.08178506791591644,0.10787166655063629,0.1334000825881958,0.004822938278345521,0.0377102555737166,8.73903342552725,1.3189652989166627,0.0035419464111328125,0.00020313262939453125,2.47955322265625e-05,143,0.2159382402896881,0.10911952704191208,983,0.2159382402896881,0.10872920602560043,1.9789147382094836,1.9860187357465406
ner,formal_e3_ms256_tner,22,ffn_in,intermediate.dense,4096x1024,4194304,4.0244551200885326e-05,0.03339732810854912,0.026507830247282982,0.9287474155426025,0.08588298410177231,0.11137355118989944,0.2220076024532318,0.0054393077648023725,0.03745426536736006,35.03671959864757,1.2968057916795315,0.002810955047607422,0.000213623046875,0.000133514404296875,3158,0.9287474155426025,0.11252418160438538,929,0.9287474155426025,0.18124425411224365,8.253758457074676,5.124286119257794
ner,formal_e3_ms256_tner,22,ffn_out,output.dense,1024x4096,4194304,1.0234566616418306e-06,0.03370172902941704,0.025244299322366714,6.944497585296631,0.08344327658414841,0.18500053882598877,0.5024682283401489,0.013122962617677507,0.04782692746144192,275.0917146329244,2.2170814282373597,0.003192424774169922,0.0014162063598632812,0.001117706298828125,314,6.944497585296631,0.12172293663024902,3158,6.944497585296631,0.21535758674144745,57.05167635243261,32.246356816925186
ner,formal_e3_ms256_tner,23,attn_k,attention.self.key,1024x1024,1048576,-1.558382973598782e-05,0.03991910070180893,0.03179774060845375,0.3170281648635864,0.10316559672355652,0.13351620733737946,0.1611449420452118,0.004592912603165949,0.03662782912261657,9.970147526120183,1.2941931378068865,0.0029649734497070312,0.000118255615234375,1.430511474609375e-05,53,0.3170281648635864,0.13695143163204193,314,0.3170281648635864,0.13639318943023682,2.3148948578746564,2.324369465865023
ner,formal_e3_ms256_tner,23,attn_out,attention.output.dense,1024x1024,1048576,-3.572643436200451e-06,0.033168308436870575,0.026441296562552452,0.32373565435409546,0.08563172072172165,0.11031971871852875,0.13393695652484894,0.004563520734876806,0.036530082938591446,12.243562020048095,1.2883043548434108,0.002857208251953125,0.00011444091796875,2.86102294921875e-06,929,0.32373565435409546,0.11345727741718292,914,0.32373565435409546,0.11356533318758011,2.853370552544796,2.850655611773438
ner,formal_e3_ms256_tner,23,attn_q,attention.self.query,1024x1024,1048576,1.2934930055052973e-05,0.04046735167503357,0.03220958262681961,0.2772563695907593,0.1049453392624855,0.13681599497795105,0.168836772441864,0.0046739220423171165,0.03698175607672,8.607884579041368,1.3036881479391078,0.0032148361206054688,0.000152587890625,1.239776611328125e-05,973,0.2772563695907593,0.1410113424062729,314,0.2772563695907593,0.1379699856042862,1.9661990649797936,2.009541193879388
ner,formal_e3_ms256_tner,23,attn_v,attention.self.value,1024x1024,1048576,1.4034376363269985e-05,0.03299030289053917,0.026165686547756195,0.22380967438220978,0.08618912100791931,0.11288996040821075,0.14482983946800232,0.004854210797883139,0.03754597494831144,8.553556352275507,1.3097936153431486,0.0033979415893554688,0.0002346038818359375,3.814697265625e-05,378,0.22380967438220978,0.11424565315246582,580,0.22380967438220978,0.11413127183914185,1.9590213562307353,1.9609846694572033
ner,formal_e3_ms256_tner,23,ffn_in,intermediate.dense,4096x1024,4194304,-2.7440146368462592e-05,0.0340733602643013,0.02714778296649456,0.34517577290534973,0.08818595856428146,0.11340419203042984,0.1356317400932312,0.004544241713725454,0.036600685735810067,12.714694725950961,1.2859665402147444,0.0029180049896240234,9.5367431640625e-05,7.3909759521484375e-06,2999,0.34517577290534973,0.11612801998853683,314,0.34517577290534973,0.12966758012771606,2.972372842828307,2.662005202575454
ner,formal_e3_ms256_tner,23,ffn_out,output.dense,1024x4096,4194304,-1.3604326341010164e-06,0.029871691018342972,0.02373986318707466,1.3010631799697876,0.07737330347299576,0.10048101842403412,0.12727513909339905,0.004892043426382175,0.03712167156182676,54.8049990733797,1.298652298839783,0.003041505813598633,0.00017333030700683594,4.124641418457031e-05,498,1.3010631799697876,0.11790534108877182,2695,1.3010631799697876,0.1016736701130867,11.034811213431013,12.796461252187298
dep,formal_e3_ms256_retry1,0,attn_k,attention.self.key,1024x1024,1048576,3.1698386010248214e-05,0.03475938364863396,0.027236681431531906,0.7175123691558838,0.09364625066518784,0.13092339038848877,0.21486742794513702,0.006099465709954644,0.04080650735964415,26.343604706747414,1.398063344325203,0.0048503875732421875,0.0006837844848632812,0.0002346038818359375,347,0.7175123691558838,0.1198665052652359,15,0.7175123691558838,0.12528502941131592,5.985928826140385,5.727039954632258
dep,formal_e3_ms256_retry1,0,attn_out,attention.output.dense,1024x1024,1048576,-1.0628646123223007e-05,0.025148216634988785,0.01934518665075302,0.9960783123970032,0.07095418125391006,0.11415660381317139,0.18025794625282288,0.007469643786633915,0.046339810620547074,51.48972353586624,1.6088777545703914,0.007491111755371094,0.0018758773803710938,0.0006055831909179688,136,0.9960783123970032,0.08505012094974518,1009,0.9960783123970032,0.11165545880794525,11.711662502932485,8.920999680905199
dep,formal_e3_ms256_retry1,0,attn_q,attention.self.query,1024x1024,1048576,-7.807227120792959e-06,0.03513886407017708,0.027667004615068436,0.4988138675689697,0.09371143579483032,0.13010582327842712,0.19828014075756073,0.005725823974777848,0.03983495005591233,18.02919667340128,1.3883665549984512,0.004498481750488281,0.0005903244018554688,0.00017833709716796875,960,0.4988138675689697,0.12860837578773499,136,0.4988138675689697,0.12493346631526947,3.8785488465560745,3.9926360988833327
dep,formal_e3_ms256_retry1,0,attn_v,attention.self.value,1024x1024,1048576,-3.5695575206773356e-06,0.026078611612319946,0.020548027008771896,0.15686538815498352,0.06954929232597351,0.0920015275478363,0.11138962209224701,0.004910988739840811,0.03864162953407282,7.6340851648685355,1.3228247832721354,0.004268646240234375,0.0002384185791015625,1.621246337890625e-05,330,0.15686538815498352,0.09167111665010452,9,0.15686538815498352,0.09374801069498062,1.7111757103790517,1.6732663124486147
dep,formal_e3_ms256_retry1,0,ffn_in,intermediate.dense,4096x1024,4194304,6.137919990578666e-05,0.034762583673000336,0.027474036440253258,0.40984538197517395,0.09211920946836472,0.1203736811876297,0.14809583127498627,0.0048530636477152455,0.03811241649243516,14.917552536062516,1.3067163937068744,0.003851652145385742,0.00020623207092285156,2.2172927856445312e-05,2577,0.40984538197517395,0.12083541601896286,182,0.40984538197517395,0.13500149548053741,3.391765390296305,3.035858088211027
dep,formal_e3_ms256_retry1,0,ffn_out,output.dense,1024x4096,4194304,-1.7363514416501857e-05,0.03197455033659935,0.024990923702716827,2.806293249130249,0.08564238250255585,0.11705681681632996,0.1788848340511322,0.0058912721548942,0.04036327318531106,112.29249796897942,1.3668094393898558,0.0046672821044921875,0.0005176067352294922,0.0001475811004638672,136,2.806293249130249,0.1325208991765976,2577,2.806293249130249,0.11220145970582962,21.176231572278855,25.011200892464355
dep,formal_e3_ms256_retry1,1,attn_k,attention.self.key,1024x1024,1048576,2.9906936106272042e-05,0.031129037961363792,0.024523869156837463,0.4187536835670471,0.08287036418914795,0.11637736111879349,0.17400339245796204,0.005750691954262719,0.03988006518533281,17.07535140107755,1.4043302724381335,0.004563331604003906,0.0006647109985351562,0.00019168853759765625,48,0.4187536835670471,0.11142329126596451,80,0.4187536835670471,0.10797535628080368,3.758223965647298,3.8782338673467747
dep,formal_e3_ms256_retry1,1,attn_out,attention.output.dense,1024x1024,1048576,2.239499963252456e-06,0.025154603645205498,0.01955043338239193,0.9025458097457886,0.06951499730348587,0.10448574274778366,0.1512024700641632,0.00652379978999737,0.04327734462049041,46.1650026929155,1.5030676372124978,0.006329536437988281,0.0012416839599609375,0.000331878662109375,136,0.9025458097457886,0.08518246561288834,590,0.9025458097457886,0.09812551736831665,10.595441247819798,9.197870584040436
dep,formal_e3_ms256_retry1,1,attn_q,attention.self.query,1024x1024,1048576,3.73796428903006e-05,0.03168109059333801,0.02500334568321705,0.32085344195365906,0.08403164893388748,0.1155492439866066,0.17520831525325775,0.005566670528344585,0.039350735448970386,12.83242034961045,1.3750681493530588,0.004328727722167969,0.0005273818969726562,0.00016021728515625,47,0.32085344195365906,0.11541502922773361,234,0.32085344195365906,0.10919011384248734,2.7799970601797472,2.9384843614734897
dep,formal_e3_ms256_retry1,1,attn_v,attention.self.value,1024x1024,1048576,2.4845308871590532e-05,0.02714517153799534,0.021427305415272713,0.15131549537181854,0.07212913036346436,0.09414114058017731,0.1134544312953949,0.004790878994161616,0.03820440018108961,7.061806999958361,1.305175039623973,0.003966331481933594,0.0001964569091796875,4.76837158203125e-06,194,0.15131549537181854,0.09434221684932709,760,0.15131549537181854,0.09610199183225632,1.6039001459281252,1.5745302723374979
dep,formal_e3_ms256_retry1,1,ffn_in,intermediate.dense,4096x1024,4194304,0.0001349969388684258,0.03566079959273338,0.0282468069344759,0.24049663543701172,0.09390020370483398,0.12264206260442734,0.14935725927352905,0.004759285165226069,0.03774590766869444,8.51411757778115,1.306089420103289,0.0036575794219970703,0.0001804828643798828,1.0251998901367188e-05,998,0.24049663543701172,0.1244516521692276,181,0.24049663543701172,0.1370679885149002,1.9324503230377994,1.7545791547883416
dep,formal_e3_ms256_retry1,1,ffn_out,output.dense,1024x4096,4194304,-2.6035902919829823e-05,0.033138688653707504,0.026007192209362984,1.7162644863128662,0.08840715885162354,0.12289996445178986,0.18826407194137573,0.005909163058491295,0.04015638669422142,65.99191763942072,1.3901585125934954,0.004549741744995117,0.0005970001220703125,0.00017142295837402344,136,1.7162644863128662,0.13894535601139069,1952,1.7162644863128662,0.1146068200469017,12.352082398293092,14.975238695310646
dep,formal_e3_ms256_retry1,2,attn_k,attention.self.key,1024x1024,1048576,2.5252480554627255e-05,0.03248339146375656,0.0256754532456398,0.3275562822818756,0.08634792268276215,0.11597460508346558,0.14715400338172913,0.005073738475562672,0.03868015439768016,12.75756572427796,1.343108224033951,0.0042209625244140625,0.00035953521728515625,3.814697265625e-05,882,0.3275562822818756,0.11203251034021378,80,0.3275562822818756,0.11504478752613068,2.9237609805151368,2.847206634263862
dep,formal_e3_ms256_retry1,2,attn_out,attention.output.dense,1024x1024,1048576,1.757306199579034e-05,0.023340510204434395,0.01826358400285244,0.43089550733566284,0.0632176399230957,0.09689494967460632,0.14506876468658447,0.006477728956112719,0.04233614756658899,23.59315166554192,1.5327201362227234,0.005648612976074219,0.0012054443359375,0.000385284423828125,136,0.43089550733566284,0.08180873841047287,672,0.43089550733566284,0.08116395771503448,5.267108571869886,5.308951404865334
dep,formal_e3_ms256_retry1,2,attn_q,attention.self.query,1024x1024,1048576,5.2122519264230505e-05,0.03379575163125992,0.02676108293235302,0.25078436732292175,0.08931134641170502,0.11987467855215073,0.1590694934129715,0.005075498828167985,0.03846526756308985,9.371233890528924,1.3422110780813414,0.004082679748535156,0.0003376007080078125,5.91278076171875e-05,93,0.25078436732292175,0.118756003677845,136,0.25078436732292175,0.11756493151187897,2.111761591466452,2.1331562405374433
dep,formal_e3_ms256_retry1,2,attn_v,attention.self.value,1024x1024,1048576,1.749331204337068e-06,0.024710260331630707,0.01955936849117279,0.18555386364459991,0.06507609784603119,0.08547396957874298,0.11009789258241653,0.004897719766845675,0.037942624034650124,9.486700131874963,1.3134464482024224,0.0037031173706054688,0.0002460479736328125,3.719329833984375e-05,846,0.18555386364459991,0.0845617800951004,181,0.18555386364459991,0.08750317245721817,2.1942994037722614,2.120538700871908
dep,formal_e3_ms256_retry1,2,ffn_in,intermediate.dense,4096x1024,4194304,0.00018672537407837808,0.03648776188492775,0.028933528810739517,0.2520955502986908,0.09584781527519226,0.12492945790290833,0.152084618806839,0.0047390053847892015,0.037559093788485196,8.712920983392742,1.3034147679236994,0.0035142898559570312,0.00016736984252929688,1.3113021850585938e-05,3623,0.2520955502986908,0.1263599395751953,976,0.2520955502986908,0.13966894149780273,1.99505912353394,1.8049506754703712
dep,formal_e3_ms256_retry1,2,ffn_out,output.dense,1024x4096,4194304,-1.2438749763532542e-05,0.03388238325715065,0.026654483750462532,1.5458303689956665,0.09023754298686981,0.12397580593824387,0.1818000078201294,0.005715625307258545,0.03976857172846126,57.995134457212735,1.3738827746704407,0.00445556640625,0.0005183219909667969,0.00014019012451171875,136,1.5458303689956665,0.14092761278152466,996,1.5458303689956665,0.11682116985321045,10.96896724839947,13.232450684563869
dep,formal_e3_ms256_retry1,3,attn_k,attention.self.key,1024x1024,1048576,1.8146069123758934e-05,0.03582392632961273,0.028269916772842407,0.3095512092113495,0.09569579362869263,0.13069593906402588,0.17529529333114624,0.005282788535751032,0.039314755902500685,10.94984508439448,1.3657438232984056,0.004563331604003906,0.000484466552734375,7.724761962890625e-05,711,0.3095512092113495,0.12166417390108109,15,0.3095512092113495,0.12756486237049103,2.5443086430934856,2.426618141226925
dep,formal_e3_ms256_retry1,3,attn_out,attention.output.dense,1024x1024,1048576,3.5780331018031575e-06,0.024103639647364616,0.018877089023590088,0.2324981540441513,0.06570376455783844,0.09509353339672089,0.1299569457769394,0.005864780390071202,0.041550496518842454,12.316419854438672,1.4473072286902358,0.005778312683105469,0.0009174346923828125,0.0001964569091796875,136,0.2324981540441513,0.08290199935436249,500,0.2324981540441513,0.08731292933225632,2.8044939308441026,2.662814726549997
dep,formal_e3_ms256_retry1,3,attn_q,attention.self.query,1024x1024,1048576,-1.8061267837765627e-05,0.03692259266972542,0.029213717207312584,0.2518644332885742,0.09787529706954956,0.13207779824733734,0.16798320412635803,0.005057149322446226,0.03861623345965107,8.621444217496881,1.3494497815264224,0.004191398620605469,0.00034809112548828125,3.528594970703125e-05,346,0.2518644332885742,0.1268290877342224,136,0.2518644332885742,0.13312940299510956,1.9858570126781208,1.891876832782209
dep,formal_e3_ms256_retry1,3,attn_v,attention.self.value,1024x1024,1048576,1.4969647963880561e-05,0.025335948914289474,0.02005915902554989,0.17731215059757233,0.0668683648109436,0.08721690624952316,0.10505284368991852,0.004760926848509065,0.037848895561119374,8.83946083540816,1.3043074478658305,0.0037603378295898438,0.0001583099365234375,9.5367431640625e-06,658,0.17731215059757233,0.08781936764717102,331,0.17731215059757233,0.08940105885267258,2.019055196456817,1.983333898648469
dep,formal_e3_ms256_retry1,3,ffn_in,intermediate.dense,4096x1024,4194304,0.0001695288810878992,0.03691888600587845,0.02930009365081787,0.21340219676494598,0.09678224474191666,0.12574610114097595,0.150941401720047,0.004676002136440801,0.037371717877166,7.283328145914959,1.2992682849658577,0.0034253597259521484,0.0001404285430908203,5.245208740234375e-06,3967,0.21340219676494598,0.12803639471530914,144,0.21340219676494598,0.1416827291250229,1.6667307544815597,1.5061976719592747
dep,formal_e3_ms256_retry1,3,ffn_out,output.dense,1024x4096,4194304,-1.124809386965353e-06,0.03407316282391548,0.02684265375137329,0.6138864159584045,0.09105929732322693,0.1246270090341568,0.17312142252922058,0.005464976851080838,0.039525621502681275,22.869810922737013,1.368635742836636,0.0045316219329833984,0.00048804283142089844,0.00011086463928222656,136,0.6138864159584045,0.141724094748497,2872,0.6138864159584045,0.11807304620742798,4.331559972549515,5.199208758279542
dep,formal_e3_ms256_retry1,4,attn_k,attention.self.key,1024x1024,1048576,7.171646757342387e-06,0.037547219544649124,0.02979062683880329,0.3249991536140442,0.09850815683603287,0.1306932121515274,0.16510145366191864,0.004916954988148162,0.037831377701286646,10.909443274645094,1.3267247743663162,0.0036678314208984375,0.00027179718017578125,3.910064697265625e-05,532,0.3249991536140442,0.13056905567646027,136,0.3249991536140442,0.12926316261291504,2.4890978335584064,2.5142441747868283
dep,formal_e3_ms256_retry1,4,attn_out,attention.output.dense,1024x1024,1048576,1.401348526997026e-05,0.02379845641553402,0.01860206574201584,0.217848539352417,0.06499785929918289,0.09230426698923111,0.1267043501138687,0.005769501478210273,0.0413942996671242,11.710986423425549,1.420112415769845,0.005745887756347656,0.0008220672607421875,0.000179290771484375,39,0.217848539352417,0.08381560444831848,120,0.217848539352417,0.08449648320674896,2.599140587081783,2.5781965246929572
dep,formal_e3_ms256_retry1,4,attn_q,attention.self.query,1024x1024,1048576,-1.5067612366692629e-06,0.038329191505908966,0.030420657247304916,0.30461204051971436,0.10035918653011322,0.13203029334545135,0.1667521744966507,0.004823155361393723,0.03759406935454066,10.013328707639975,1.315577556079882,0.003509521484375,0.00021266937255859375,2.6702880859375e-05,437,0.30461204051971436,0.13395771384239197,234,0.30461204051971436,0.13149406015872955,2.2739417670124307,2.316546010914942
dep,formal_e3_ms256_retry1,4,attn_v,attention.self.value,1024x1024,1048576,-7.239199476316571e-06,0.02513066865503788,0.01983645185828209,0.1406620740890503,0.06673978269100189,0.08798321336507797,0.10734903812408447,0.004863784705013721,0.038376971925930835,7.091090437644031,1.3183023650590968,0.004075050354003906,0.0002193450927734375,1.1444091796875e-05,422,0.1406620740890503,0.08748570084571838,5,0.1406620740890503,0.09028800576925278,1.6078293107248325,1.557926469752112
dep,formal_e3_ms256_retry1,4,ffn_in,intermediate.dense,4096x1024,4194304,0.00018959137378260493,0.036835722625255585,0.029233600944280624,0.3590967357158661,0.09652449935674667,0.12543272972106934,0.1528102159500122,0.004710613439944899,0.037415417144801386,12.283698351096264,1.299491119425341,0.003459453582763672,0.0001556873321533203,1.2874603271484375e-05,1633,0.3590967357158661,0.1275135576725006,15,0.3590967357158661,0.14141876995563507,2.816145532055125,2.539243806381002
dep,formal_e3_ms256_retry1,4,ffn_out,output.dense,1024x4096,4194304,3.400379682716448e-06,0.03437996283173561,0.026949327439069748,3.235551595687866,0.09175647795200348,0.12599948048591614,0.18359234929084778,0.005796755115144755,0.04004973196593106,120.06056934085598,1.373194386905573,0.004543304443359375,0.0005195140838623047,0.0001366138458251953,234,3.235551595687866,0.14160728454589844,2717,3.235551595687866,0.12058785557746887,22.848765203453524,26.83148796529731
dep,formal_e3_ms256_retry1,5,attn_k,attention.self.key,1024x1024,1048576,-5.943379073869437e-05,0.03607557341456413,0.02861246094107628,0.3557928502559662,0.09456486999988556,0.12534192204475403,0.16679495573043823,0.005002815169428842,0.03788840232382917,12.434891601553472,1.3254596769911038,0.0036029815673828125,0.00029087066650390625,6.103515625e-05,327,0.3557928502559662,0.1254015564918518,466,0.3557928502559662,0.12514066696166992,2.8372283423697735,2.843143311398077
dep,formal_e3_ms256_retry1,5,attn_out,attention.output.dense,1024x1024,1048576,2.3547523596789688e-05,0.025826159864664078,0.020303819328546524,0.24820184707641602,0.06961764395236969,0.099159374833107,0.13524410128593445,0.005660270934073848,0.04048640295471872,12.224392024974932,1.4243425833392016,0.005077362060546875,0.0007534027099609375,0.000148773193359375,234,0.24820184707641602,0.08832152932882309,16,0.24820184707641602,0.09127097576856613,2.8102077597904223,2.7193951306686603
dep,formal_e3_ms256_retry1,5,attn_q,attention.self.query,1024x1024,1048576,-3.1759322155267e-05,0.03676800802350044,0.029206400737166405,0.3165561258792877,0.09602392464876175,0.12553474307060242,0.15889248251914978,0.0048083519828072165,0.037441262208892344,10.838587360627987,1.307327767843128,0.0034379959106445312,0.00019359588623046875,3.719329833984375e-05,111,0.3165561258792877,0.1281917542219162,234,0.3165561258792877,0.12656976282596588,2.4693953819470233,2.501040681529554
dep,formal_e3_ms256_retry1,5,attn_v,attention.self.value,1024x1024,1048576,3.2843949156813323e-05,0.027626603841781616,0.021894987672567368,0.1917896270751953,0.07265911251306534,0.09511160850524902,0.11682727932929993,0.004778546589592219,0.037696456216712484,8.759522039626086,1.309011426311412,0.0035991668701171875,0.00018215179443359375,1.33514404296875e-05,382,0.1917896270751953,0.09605040401220322,331,0.1917896270751953,0.09700867533683777,1.9967602327922371,1.977035831169274
dep,formal_e3_ms256_retry1,5,ffn_in,intermediate.dense,4096x1024,4194304,9.741687244968489e-05,0.03693757951259613,0.029317058622837067,0.26070427894592285,0.09675685316324234,0.1256716251373291,0.15328195691108704,0.004699584662157749,0.037401801051064214,8.89257965131749,1.2988395243208612,0.003445863723754883,0.000152587890625,1.0728836059570312e-05,732,0.26070427894592285,0.12764418125152588,839,0.26070427894592285,0.14241920411586761,2.042429794995503,1.8305416082357993
dep,formal_e3_ms256_retry1,5,ffn_out,output.dense,1024x4096,4194304,7.0217174652498215e-06,0.03484169766306877,0.027287354692816734,3.127681255340576,0.09242904931306839,0.12665270268917084,0.19513970613479614,0.005882128503813741,0.03992848582030578,114.62017079156168,1.3702694513299902,0.0043125152587890625,0.0005018711090087891,0.00014781951904296875,234,3.127681255340576,0.1414995938539505,1140,3.127681255340576,0.12242235988378525,22.103817899073462,25.54828430288114
dep,formal_e3_ms256_retry1,6,attn_k,attention.self.key,1024x1024,1048576,3.3573385735508054e-05,0.03576407581567764,0.028318066149950027,0.5875632762908936,0.09385834634304047,0.1240791603922844,0.16693656146526337,0.005111770431429127,0.03806907382853523,20.74870766879434,1.321983235660158,0.0035877227783203125,0.00026035308837890625,7.2479248046875e-05,501,0.5875632762908936,0.12696126103401184,136,0.5875632762908936,0.12459972500801086,4.627894142714055,4.715606525240063
dep,formal_e3_ms256_retry1,6,attn_out,attention.output.dense,1024x1024,1048576,-2.3607326511410065e-06,0.02660927176475525,0.02100585773587227,0.29065966606140137,0.07076774537563324,0.095230832695961,0.12348034977912903,0.005148984079623078,0.03889284565974849,13.837076767640582,1.3456813155552485,0.004250526428222656,0.00037097930908203125,6.29425048828125e-05,234,0.29065966606140137,0.09216561913490295,102,0.29065966606140137,0.09581969678401947,3.1536669399026374,3.0334020646773405
dep,formal_e3_ms256_retry1,6,attn_q,attention.self.query,1024x1024,1048576,4.334293043939397e-05,0.036529574543237686,0.028955038636922836,0.3474591374397278,0.09590647369623184,0.12601988017559052,0.1628779023885727,0.004939979890310257,0.03787821842201519,11.999954197838832,1.3139872139886823,0.0036668777465820312,0.00023937225341796875,5.340576171875e-05,543,0.3474591374397278,0.12851378321647644,136,0.3474591374397278,0.12699852883815765,2.7036721567401565,2.7359304128831066
dep,formal_e3_ms256_retry1,6,attn_v,attention.self.value,1024x1024,1048576,4.15581016568467e-05,0.02754177339375019,0.021846972405910492,0.14345833659172058,0.07217952609062195,0.09352320432662964,0.1125526875257492,0.004667785650213778,0.037359523451437136,6.566508801599863,1.295702665174201,0.0034379959106445312,0.0001277923583984375,4.76837158203125e-06,413,0.14345833659172058,0.09535371512174606,512,0.14345833659172058,0.09591501951217651,1.5044860749112432,1.4956816703092928
dep,formal_e3_ms256_retry1,6,ffn_in,intermediate.dense,4096x1024,4194304,2.5583472961443476e-05,0.03704935312271118,0.02942836657166481,0.28580442070961,0.09690716117620468,0.12536780536174774,0.15134410560131073,0.004649084668440255,0.03719295030379321,9.711868309564881,1.293689793820227,0.0032806396484375,0.0001316070556640625,6.198883056640625e-06,1696,0.28580442070961,0.12722963094711304,15,0.28580442070961,0.14143437147140503,2.2463668139414277,2.0207564663119633
dep,formal_e3_ms256_retry1,6,ffn_out,output.dense,1024x4096,4194304,-3.549736720742658e-05,0.03530171513557434,0.027638187631964684,3.6038098335266113,0.0935116782784462,0.128698468208313,0.20894256234169006,0.0060227129266345325,0.0400176615814153,130.39240783497175,1.3762823058858211,0.0042455196380615234,0.0005276203155517578,0.00017690658569335938,234,3.6038098335266113,0.14219646155834198,689,3.6038098335266113,0.1276635378599167,25.34387842026575,28.22896728336809
dep,formal_e3_ms256_retry1,7,attn_k,attention.self.key,1024x1024,1048576,2.332521580683533e-05,0.035011112689971924,0.0278308242559433,0.3765503764152527,0.09089301526546478,0.11864598095417023,0.15274235606193542,0.004875093886615588,0.03722676464171077,13.52997571873352,1.3053366158846125,0.0031452178955078125,0.00020313262939453125,5.626678466796875e-05,478,0.3765503764152527,0.12137094140052795,234,0.3765503764152527,0.12037913501262665,3.1024755354959677,3.1280369008778477
dep,formal_e3_ms256_retry1,7,attn_out,attention.output.dense,1024x1024,1048576,-1.4594139429391362e-05,0.026940597221255302,0.021326469257473946,0.25510138273239136,0.07114715129137039,0.09415674209594727,0.12079834192991257,0.004972651762587229,0.038170841222646,11.961726043470138,1.323408462418196,0.0038309097290039062,0.000270843505859375,4.00543212890625e-05,466,0.25510138273239136,0.0923643559217453,136,0.25510138273239136,0.09588488936424255,2.7619029027661193,2.6604961889597165
dep,formal_e3_ms256_retry1,7,attn_q,attention.self.query,1024x1024,1048576,-4.103937681065872e-05,0.035589661449193954,0.028289642184972763,0.35181549191474915,0.09265204519033432,0.12100441753864288,0.1527976393699646,0.0048241531112361525,0.03727579335267594,12.43619447762513,1.3060091365502458,0.0032558441162109375,0.00019168853759765625,4.38690185546875e-05,191,0.35181549191474915,0.12473224103450775,234,0.35181549191474915,0.1225220188498497,2.8205657895412766,2.871447069003146
dep,formal_e3_ms256_retry1,7,attn_v,attention.self.value,1024x1024,1048576,-2.1445972379297018e-05,0.027893658727407455,0.022150898352265358,0.13868212699890137,0.07276857644319534,0.09418360143899918,0.11340788006782532,0.0046221771638160665,0.03714325380231182,6.260790185275643,1.2942894590293497,0.0032672882080078125,0.00012493133544921875,0.0,867,0.13868212699890137,0.09653189033269882,542,0.13868212699890137,0.097077377140522,1.43664571905648,1.4285730731904243
dep,formal_e3_ms256_retry1,7,ffn_in,intermediate.dense,4096x1024,4194304,-4.73990585305728e-05,0.03690018877387047,0.029294975101947784,0.2556944191455841,0.09655831009149551,0.1254105418920517,0.15148919820785522,0.004680306246272481,0.03732851028954158,8.728268867126749,1.2988063044311438,0.003428220748901367,0.00014257431030273438,1.1444091796875e-05,985,0.2556944191455841,0.12735716998577118,378,0.2556944191455841,0.14257849752902985,2.007695516272474,1.7933589115955102
dep,formal_e3_ms256_retry1,7,ffn_out,output.dense,1024x4096,4194304,-5.956787208560854e-05,0.0351497046649456,0.02748529613018036,2.8297109603881836,0.0928373858332634,0.12805426120758057,0.24018676578998566,0.0063581590882075805,0.04032885294688499,102.9536282594753,1.3793393691369868,0.004180192947387695,0.0005548000335693359,0.00022220611572265625,234,2.8297109603881836,0.14160214364528656,176,2.8297109603881836,0.1278485208749771,19.983531940565893,22.13331011592503
dep,formal_e3_ms256_retry1,8,attn_k,attention.self.key,1024x1024,1048576,-2.095111813105177e-05,0.035493403673172,0.028127798810601234,0.4858795702457428,0.09283284842967987,0.12265519052743912,0.17188963294029236,0.005185699618045087,0.03800800370995372,17.273999061121593,1.3212477329115828,0.0035257339477539062,0.000270843505859375,8.678436279296875e-05,924,0.4858795702457428,0.12523864209651947,234,0.4858795702457428,0.12282662093639374,3.8796298180180124,3.95581647155593
dep,formal_e3_ms256_retry1,8,attn_out,attention.output.dense,1024x1024,1048576,-1.1537924365256913e-05,0.02584504708647728,0.02044486626982689,0.5816747546195984,0.06815942376852036,0.08997619152069092,0.11355159431695938,0.005008859281021558,0.03821968200626553,28.450895542322545,1.3200843925304238,0.0038690567016601562,0.0002536773681640625,4.38690185546875e-05,466,0.5816747546195984,0.08917414397001266,57,0.5816747546195984,0.09130502492189407,6.5229081965194196,6.370676259244067
dep,formal_e3_ms256_retry1,8,attn_q,attention.self.query,1024x1024,1048576,1.7827354895416647e-05,0.036032818257808685,0.02860463783144951,0.41974401473999023,0.09435416758060455,0.12305234372615814,0.15929819643497467,0.00489245094483961,0.03751350849951273,14.67398458995697,1.3041537738228406,0.003307342529296875,0.00021457672119140625,5.054473876953125e-05,504,0.41974401473999023,0.12657639384269714,234,0.41974401473999023,0.1245012879371643,3.316131878915963,3.3714029926488367
dep,formal_e3_ms256_retry1,8,attn_v,attention.self.value,1024x1024,1048576,1.1954575711570214e-05,0.02697806805372238,0.021408405154943466,0.1511661559343338,0.07063400745391846,0.09118136018514633,0.10851744562387466,0.004620656123434448,0.037259343283841805,7.061065728169278,1.2908988668756045,0.0033884048461914062,0.00011444091796875,2.86102294921875e-06,17,0.1511661559343338,0.09296809136867523,464,0.1511661559343338,0.0933932438492775,1.6260004234664527,1.6185984093056347
dep,formal_e3_ms256_retry1,8,ffn_in,intermediate.dense,4096x1024,4194304,-5.7263547205366194e-05,0.03620230779051781,0.028715794906020164,0.28102925419807434,0.09507886320352554,0.12365207076072693,0.14924007654190063,0.004699547121866421,0.037516844585489414,9.786574082932928,1.3005211315583114,0.003525972366333008,0.0001537799835205078,6.67572021484375e-06,3838,0.28102925419807434,0.12566521763801575,772,0.28102925419807434,0.14107798039913177,2.2363328491388255,1.9920135899521556
dep,formal_e3_ms256_retry1,8,ffn_out,output.dense,1024x4096,4194304,-1.8918308342108503e-05,0.03428339213132858,0.02688385359942913,2.341597557067871,0.09136684983968735,0.12522530555725098,0.18368300795555115,0.005912777826392684,0.0400724470644299,87.10051735728817,1.3705770285062013,0.004458427429199219,0.0004894733428955078,0.00012826919555664062,933,2.341597557067871,0.1413078010082245,3838,2.341597557067871,0.11940016597509384,16.570900830390702,19.61134256342922
dep,formal_e3_ms256_retry1,9,attn_k,attention.self.key,1024x1024,1048576,-7.469193405995611e-07,0.037114791572093964,0.029180122539401054,0.3232092261314392,0.10051707923412323,0.14269225299358368,0.19186384975910187,0.005608879019152291,0.040679064875632574,11.076349172112604,1.419582165347508,0.005374908447265625,0.0007534027099609375,0.0001354217529296875,649,0.3232092261314392,0.1231134682893753,772,0.3232092261314392,0.14096078276634216,2.625295433735516,2.2929017545766164
dep,formal_e3_ms256_retry1,9,attn_out,attention.output.dense,1024x1024,1048576,-3.7854879337828606e-06,0.024105489253997803,0.018976479768753052,0.48584696650505066,0.06449689716100693,0.08645214885473251,0.112638920545578,0.005222994027485493,0.039189737085685794,25.60258659274906,1.3404078747992723,0.0044422149658203125,0.0003795623779296875,6.389617919921875e-05,466,0.48584696650505066,0.08578567206859589,995,0.48584696650505066,0.08637403696775436,5.663497817171124,5.624919056248694
dep,formal_e3_ms256_retry1,9,attn_q,attention.self.query,1024x1024,1048576,0.0001008078979793936,0.03801123425364494,0.029872316867113113,0.28541144728660583,0.1030011996626854,0.14684012532234192,0.19733498990535736,0.005609248829530245,0.04072460707595623,9.55437934580895,1.4256156802369575,0.005374908447265625,0.000774383544921875,0.00013256072998046875,672,0.28541144728660583,0.12653425335884094,238,0.28541144728660583,0.14758644998073578,2.2556062070971565,1.9338594249259342
dep,formal_e3_ms256_retry1,9,attn_v,attention.self.value,1024x1024,1048576,-2.4864613806130365e-05,0.02550443820655346,0.020184878259897232,0.2543700635433197,0.06737726181745529,0.08846305310726166,0.10729513317346573,0.0048105857941283464,0.03797194831181597,12.602011281321188,1.312951145847006,0.003795623779296875,0.0002002716064453125,8.58306884765625e-06,12,0.2543700635433197,0.09057846665382385,234,0.2543700635433197,0.09091749787330627,2.808284054039915,2.7978119668205665
dep,formal_e3_ms256_retry1,9,ffn_in,intermediate.dense,4096x1024,4194304,-7.330447260756046e-05,0.03600794076919556,0.02853165753185749,0.3356894552707672,0.0948583111166954,0.12404961884021759,0.15014594793319702,0.0047765322483615,0.03777239031514739,11.765508361929118,1.3077358997843722,0.0036809444427490234,0.00018167495727539062,1.4781951904296875e-05,1185,0.3356894552707672,0.12550440430641174,374,0.3356894552707672,0.1413031667470932,2.6747225097471548,2.375668309483749
dep,formal_e3_ms256_retry1,9,ffn_out,output.dense,1024x4096,4194304,-9.187108844344039e-06,0.03329314664006233,0.026035260409116745,2.746828079223633,0.08974946290254593,0.12454097718000412,0.17838364839553833,0.005948365485312401,0.040749851333285736,105.50415229423933,1.387651504001048,0.00497746467590332,0.0006024837493896484,0.00013828277587890625,933,2.746828079223633,0.1400326043367386,1185,2.746828079223633,0.11722917854785919,19.61563231815851,23.43126611692695
dep,formal_e3_ms256_retry1,10,attn_k,attention.self.key,1024x1024,1048576,1.8435601305100136e-05,0.03738092631101608,0.029329141601920128,0.2930641174316406,0.10200512409210205,0.14360857009887695,0.187730073928833,0.005546259896901828,0.040933495937974705,9.992250077051496,1.4078564324789262,0.005621910095214844,0.00072479248046875,0.0001068115234375,216,0.2930641174316406,0.12561215460300446,466,0.2930641174316406,0.14283917844295502,2.3330872586165396,2.051706825999984
dep,formal_e3_ms256_retry1,10,attn_out,attention.output.dense,1024x1024,1048576,5.702214366465341e-06,0.024434048682451248,0.019106384366750717,0.4065350890159607,0.06666328012943268,0.090469129383564,0.11709493398666382,0.005444146897216929,0.04055561710846,21.277447433927925,1.3571058790973103,0.0053920745849609375,0.0004968643188476562,7.343292236328125e-05,466,0.4065350890159607,0.08659203350543976,600,0.4065350890159607,0.09012837707996368,4.694832452345884,4.510622538507208
dep,formal_e3_ms256_retry1,10,attn_q,attention.self.query,1024x1024,1048576,1.3918393960921094e-05,0.03801941126585007,0.029788166284561157,0.2783410847187042,0.1042448878288269,0.14812339842319489,0.19495025277137756,0.0056384639148908235,0.041358598459268155,9.344015407318476,1.4209176249143052,0.005888938903808594,0.0008134841918945312,0.00012111663818359375,188,0.2783410847187042,0.1251647174358368,213,0.2783410847187042,0.14826016128063202,2.22379829093123,1.8773828539944084
dep,formal_e3_ms256_retry1,10,attn_v,attention.self.value,1024x1024,1048576,1.1361256838426925e-05,0.025923792272806168,0.020426124334335327,0.16169260442256927,0.0693386122584343,0.0915883481502533,0.1130342036485672,0.004945589248300595,0.038849179596709596,7.915970831077916,1.3208852206169235,0.0044536590576171875,0.00027942657470703125,1.1444091796875e-05,339,0.16169260442256927,0.09044871479272842,234,0.16169260442256927,0.0950235053896904,1.787671663363076,1.7016063947490634
dep,formal_e3_ms256_retry1,10,ffn_in,intermediate.dense,4096x1024,4194304,-4.6858316636644304e-05,0.03573794662952423,0.028278769925236702,0.45617571473121643,0.09445241838693619,0.12430373579263687,0.1548330932855606,0.004892552814346733,0.03810933227787633,16.13138463721201,1.3160460887662084,0.0038640499114990234,0.00022840499877929688,2.8848648071289062e-05,834,0.45617571473121643,0.12404906749725342,933,0.45617571473121643,0.14339806139469147,3.677381248684652,3.181184670799907
dep,formal_e3_ms256_retry1,10,ffn_out,output.dense,1024x4096,4194304,4.8577439883956686e-06,0.03310483694076538,0.025731217116117477,4.286161422729492,0.08970314264297485,0.12546993792057037,0.1768116056919098,0.006008605947355292,0.04130525181727802,166.57437552943165,1.3987239936503675,0.005247831344604492,0.00067901611328125,0.0001437664031982422,933,4.286161422729492,0.1409396529197693,3017,4.286161422729492,0.11661141365766525,30.411323810832812,36.7559339886945
dep,formal_e3_ms256_retry1,11,attn_k,attention.self.key,1024x1024,1048576,6.627690163441002e-05,0.038217149674892426,0.030262542888522148,0.35236212611198425,0.10080399364233017,0.13361500203609467,0.16982831060886383,0.004942053256926983,0.03817004198108472,11.643506872835419,1.3254931397875322,0.003910064697265625,0.0002498626708984375,3.719329833984375e-05,225,0.35236212611198425,0.13213233649730682,933,0.35236212611198425,0.1351938247680664,2.6667365116877826,2.606347787825989
dep,formal_e3_ms256_retry1,11,attn_out,attention.output.dense,1024x1024,1048576,-1.7659693185123615e-05,0.027403583750128746,0.021447651088237762,0.38312867283821106,0.07465476542711258,0.10057007521390915,0.12807464599609375,0.005294132318304902,0.040219572486977426,17.86343274897478,1.3471353722502601,0.005229949951171875,0.0004520416259765625,5.340576171875e-05,466,0.38312867283821106,0.0950942263007164,4,0.38312867283821106,0.10233543068170547,4.028937273506423,3.743851667853517
dep,formal_e3_ms256_retry1,11,attn_q,attention.self.query,1024x1024,1048576,-5.495912046171725e-05,0.03898902237415314,0.03088005818426609,0.26526278257369995,0.10308787226676941,0.13614411652088165,0.16906139254570007,0.00488207730686629,0.03813709748196546,8.590099830474276,1.3206608452308506,0.003907203674316406,0.0002613067626953125,1.621246337890625e-05,808,0.26526278257369995,0.1330021619796753,108,0.26526278257369995,0.13953953981399536,1.9944245914907461,1.9009865083924762
dep,formal_e3_ms256_retry1,11,attn_v,attention.self.value,1024x1024,1048576,6.576891792064998e-06,0.028968065977096558,0.022867199033498764,0.18684732913970947,0.07696937769651413,0.10068739950656891,0.12117854505777359,0.004804571102236963,0.0382725644906862,8.170975766030281,1.308148805666243,0.004033088684082031,0.0001811981201171875,6.67572021484375e-06,39,0.18684732913970947,0.10251320153474808,437,0.18684732913970947,0.10293495655059814,1.8226660209843835,1.8151980182540206
dep,formal_e3_ms256_retry1,11,ffn_in,intermediate.dense,4096x1024,4194304,-3.6835583159700036e-05,0.03626413270831108,0.02867390401661396,0.5426895022392273,0.09600383043289185,0.12645931541919708,0.15730898082256317,0.0049050161838707276,0.0382346686427375,18.92625091877225,1.3172319776094152,0.003957986831665039,0.00023984909057617188,2.4080276489257812e-05,2445,0.5426895022392273,0.12596221268177032,136,0.5426895022392273,0.1450614184141159,4.308351613434043,3.741101584226742
dep,formal_e3_ms256_retry1,11,ffn_out,output.dense,1024x4096,4194304,2.2403506591217592e-05,0.03375948965549469,0.026237886399030685,5.511744976043701,0.09198867529630661,0.1286155879497528,0.18072186410427094,0.0059378815304850265,0.04146872988745565,210.06817745225558,1.3981676280853756,0.005474090576171875,0.0006966590881347656,0.00014710426330566406,933,5.511744976043701,0.145175963640213,2445,5.511744976043701,0.1200547143816948,37.96596101613184,45.91027519769018
dep,formal_e3_ms256_retry1,12,attn_k,attention.self.key,1024x1024,1048576,1.3180189853301272e-05,0.03793478012084961,0.030028481036424637,0.3629924952983856,0.10032764077186584,0.13442900776863098,0.17274685204029083,0.005075180208248431,0.038446160567265235,12.08827362456578,1.3399000189220829,0.004002571105957031,0.0003376007080078125,4.76837158203125e-05,953,0.3629924952983856,0.13136696815490723,933,0.3629924952983856,0.13692864775657654,2.76319458686408,2.6509609292548606
dep,formal_e3_ms256_retry1,12,attn_out,attention.output.dense,1024x1024,1048576,-3.7882964534219354e-06,0.02811463177204132,0.022015204653143883,0.289370596408844,0.07626095414161682,0.10159482806921005,0.13229204714298248,0.005255277338008277,0.03988571035329181,13.144124752322954,1.3321998028053537,0.0049419403076171875,0.00039577484130859375,6.771087646484375e-05,466,0.289370596408844,0.09768622368574142,833,0.289370596408844,0.1050897017121315,2.962245703547259,2.753558071765268
dep,formal_e3_ms256_retry1,12,attn_q,attention.self.query,1024x1024,1048576,2.1248873963486403e-05,0.03824395686388016,0.030256982892751694,0.25537073612213135,0.1015789657831192,0.13527390360832214,0.17034313082695007,0.004990182412604852,0.03844108664970789,8.440059507166112,1.3317117630154343,0.004099845886230469,0.00030803680419921875,2.765655517578125e-05,866,0.25537073612213135,0.12981492280960083,933,0.25537073612213135,0.13906830549240112,1.9671909099132068,1.8362971722272488
dep,formal_e3_ms256_retry1,12,attn_v,attention.self.value,1024x1024,1048576,-2.902422784245573e-05,0.029405370354652405,0.023106230422854424,0.18566763401031494,0.07883945107460022,0.10459663718938828,0.12761062383651733,0.004967214545786668,0.03897834648239997,8.035392645728603,1.326704280201239,0.004399299621582031,0.00027942657470703125,1.239776611328125e-05,858,0.18566763401031494,0.10539372265338898,725,0.18566763401031494,0.10734425485134125,1.761657424521618,1.7296466799032892
dep,formal_e3_ms256_retry1,12,ffn_in,intermediate.dense,4096x1024,4194304,-1.028425685944967e-05,0.036016371101140976,0.02847958542406559,0.4834353029727936,0.0954434722661972,0.12570083141326904,0.15292459726333618,0.004848038064244011,0.03821442523251192,16.974801275171828,1.317018633424006,0.003984928131103516,0.000217437744140625,1.3589859008789062e-05,2990,0.4834353029727936,0.1243121474981308,933,0.4834353029727936,0.14281056821346283,3.888882242823958,3.3851507561414484
dep,formal_e3_ms256_retry1,12,ffn_out,output.dense,1024x4096,4194304,1.676348620094359e-05,0.03369302675127983,0.026159271597862244,4.966220855712891,0.09219454228878021,0.12902551889419556,0.17765554785728455,0.005911085802830958,0.041631692144887066,189.84553285951333,1.3994919405321193,0.005610942840576172,0.0007152557373046875,0.00014400482177734375,933,4.966220855712891,0.14789970219135284,346,4.966220855712891,0.11879726499319077,33.57830193118028,41.80416826934143
dep,formal_e3_ms256_retry1,13,attn_k,attention.self.key,1024x1024,1048576,3.041109266632702e-06,0.03829982504248619,0.030381709337234497,0.31681492924690247,0.10052215307950974,0.131927028298378,0.1679970920085907,0.004880394661449265,0.03773468897415348,10.427817794261758,1.3124174548273755,0.0036020278930664062,0.00021648406982421875,4.00543212890625e-05,739,0.31681492924690247,0.13548530638217926,933,0.31681492924690247,0.13248524069786072,2.3383711319456704,2.391322441489274
dep,formal_e3_ms256_retry1,13,attn_out,attention.output.dense,1024x1024,1048576,-4.1880512071656995e-06,0.028367875143885612,0.022230543196201324,0.2783523201942444,0.0769709050655365,0.10234633088111877,0.12662473320960999,0.00510754114476731,0.03969477999539503,12.521165935423847,1.3296755546004881,0.0049591064453125,0.00033855438232421875,3.62396240234375e-05,466,0.2783523201942444,0.09866072982549667,878,0.2783523201942444,0.10386935621500015,2.8213081403976235,2.6798309947938863
dep,formal_e3_ms256_retry1,13,attn_q,attention.self.query,1024x1024,1048576,2.8337010007817298e-05,0.038255687803030014,0.030370667576789856,0.25991418957710266,0.10024553537368774,0.13026471436023712,0.157344251871109,0.004697897994115716,0.03744961401100316,8.558066394817631,1.299456518184537,0.0035238265991210938,0.0001544952392578125,1.1444091796875e-05,276,0.25991418957710266,0.13138455152511597,933,0.25991418957710266,0.13331180810928345,1.9782705543384718,1.9496711751447844
dep,formal_e3_ms256_retry1,13,attn_v,attention.self.value,1024x1024,1048576,-2.7582364054978825e-05,0.02880069427192211,0.0227067694067955,0.185961052775383,0.0768321305513382,0.10090827196836472,0.12329001724720001,0.004871986090680987,0.03851663389689305,8.189674605130312,1.3133603252214796,0.004147529602050781,0.00023937225341796875,5.7220458984375e-06,599,0.185961052775383,0.10046850889921188,567,0.185961052775383,0.10277151316404343,1.8509387151543737,1.8094610758387182
dep,formal_e3_ms256_retry1,13,ffn_in,intermediate.dense,4096x1024,4194304,3.6497389373835176e-05,0.03507503494620323,0.02775251679122448,0.3060983419418335,0.09290124475955963,0.12281779199838638,0.15433409810066223,0.00494129625929535,0.038239640487723124,11.02957055190842,1.3220252572100042,0.0039386749267578125,0.0002636909484863281,3.5762786865234375e-05,568,0.3060983419418335,0.11885608732700348,981,0.3060983419418335,0.14360041916370392,2.5753694979010935,2.1315978304553735
dep,formal_e3_ms256_retry1,13,ffn_out,output.dense,1024x4096,4194304,8.941286068875343e-06,0.03363176807761192,0.02611522190272808,4.609590530395508,0.09170409291982651,0.12888330221176147,0.17909058928489685,0.005951539550685165,0.04154820176565705,176.5097209422515,1.405425844236193,0.00549006462097168,0.0007269382476806641,0.00015115737915039062,933,4.609590530395508,0.15053242444992065,3381,4.609590530395508,0.11675458401441574,30.621911174552515,39.481023972697805
dep,formal_e3_ms256_retry1,14,attn_k,attention.self.key,1024x1024,1048576,-3.91404282709118e-05,0.037308596074581146,0.029582228511571884,0.36959174275398254,0.09776431322097778,0.12826110422611237,0.16435565054416656,0.0048975375795610055,0.037703905083278144,12.493708599722526,1.311941955099734,0.0034799575805664062,0.00023365020751953125,3.814697265625e-05,718,0.36959174275398254,0.1312292367219925,933,0.36959174275398254,0.13015325367450714,2.8163826292532512,2.83966579643313
dep,formal_e3_ms256_retry1,14,attn_out,attention.output.dense,1024x1024,1048576,1.1338958756823558e-05,0.028781099244952202,0.022642964497208595,0.2734651267528534,0.07728518545627594,0.10251375287771225,0.12895089387893677,0.005046762883946488,0.03908145293048102,12.077266949147313,1.3264347141368944,0.004479408264160156,0.00031280517578125,3.337860107421875e-05,18,0.2734651267528534,0.10053107887506485,566,0.2734651267528534,0.10507823526859283,2.7202048342951,2.602490668537048
dep,formal_e3_ms256_retry1,14,attn_q,attention.self.query,1024x1024,1048576,-1.0582216418697499e-06,0.037530846893787384,0.02980213239789009,0.2903638780117035,0.09804808348417282,0.1283118724822998,0.15690839290618896,0.00473307997807236,0.03737507420359805,9.743057111989089,1.3086627287621817,0.0034055709838867188,0.00015544891357421875,1.621246337890625e-05,907,0.2903638780117035,0.12958243489265442,933,0.2903638780117035,0.13061250746250153,2.24076571992369,2.223093972030712
dep,formal_e3_ms256_retry1,14,attn_v,attention.self.value,1024x1024,1048576,-3.165365706081502e-05,0.030032511800527573,0.0237420741468668,0.17236769199371338,0.07965724170207977,0.10430366545915604,0.1250140219926834,0.004783041832736055,0.038085541938844204,7.260009842756744,1.3094059401310247,0.00389862060546875,0.0001773834228515625,6.67572021484375e-06,955,0.17236769199371338,0.10583410412073135,236,0.17236769199371338,0.10759522765874863,1.6286592438774097,1.6020012759338966
dep,formal_e3_ms256_retry1,14,ffn_in,intermediate.dense,4096x1024,4194304,3.950528844143264e-05,0.03506278619170189,0.02776987850666046,0.24257948994636536,0.09262477606534958,0.12222565710544586,0.15218307077884674,0.004860933701917788,0.03801910477273886,8.735345741184425,1.3195784356791531,0.0038328170776367188,0.00024056434631347656,1.7404556274414062e-05,2883,0.24257948994636536,0.11908270418643951,422,0.24257948994636536,0.142575204372406,2.0370673609038596,1.701414288789995
dep,formal_e3_ms256_retry1,14,ffn_out,output.dense,1024x4096,4194304,-1.185744849863113e-06,0.03366175666451454,0.026224059984087944,3.1580963134765625,0.09153230488300323,0.12789806723594666,0.18415996432304382,0.005991529299801441,0.0413525952069528,120.42743630821508,1.3972997555281297,0.005400180816650391,0.0006823539733886719,0.00016427040100097656,933,3.1580963134765625,0.14849355816841125,968,3.1580963134765625,0.11846084147691727,21.267564414443253,26.65941144856661
dep,formal_e3_ms256_retry1,15,attn_k,attention.self.key,1024x1024,1048576,4.2871943151112646e-07,0.03665498271584511,0.02902834489941597,0.35047027468681335,0.09603102505207062,0.12865488231182098,0.2038162350654602,0.005326605424732333,0.038346822773742635,12.073381238275992,1.339722055888301,0.0036897659301757812,0.0003795623779296875,0.0001392364501953125,931,0.35047027468681335,0.13102376461029053,466,0.35047027468681335,0.12719571590423584,2.6748603639136137,2.7553622556806734
dep,formal_e3_ms256_retry1,15,attn_out,attention.output.dense,1024x1024,1048576,-6.750105967512354e-07,0.028208237141370773,0.022195905447006226,0.5387970805168152,0.0756216049194336,0.09974271059036255,0.1225273609161377,0.00503354013085482,0.039011273054066285,24.274615955777012,1.3189710889715618,0.004426002502441406,0.000278472900390625,3.147125244140625e-05,18,0.5387970805168152,0.09813426434993744,443,0.5387970805168152,0.10262060165405273,5.490407291336246,5.250379278940203
dep,formal_e3_ms256_retry1,15,attn_q,attention.self.query,1024x1024,1048576,1.8102182366419584e-05,0.03683844208717346,0.029227009043097496,0.31342965364456177,0.09667444974184036,0.12665686011314392,0.15800762176513672,0.004831957799122319,0.037674260064491205,10.723972924577584,1.3101378952905203,0.00356292724609375,0.00020694732666015625,3.147125244140625e-05,441,0.31342965364456177,0.1270717829465866,466,0.31342965364456177,0.13047853112220764,2.466555881853872,2.4021549825005315
dep,formal_e3_ms256_retry1,15,attn_v,attention.self.value,1024x1024,1048576,-1.0794458830787335e-05,0.029500966891646385,0.023312179371714592,0.14933741092681885,0.07824457436800003,0.10197761654853821,0.12240002304315567,0.004753790480080469,0.03805227888629826,6.405982407119545,1.3033186949029447,0.00388336181640625,0.00016880035400390625,1.9073486328125e-06,839,0.14933741092681885,0.10403808951377869,633,0.14933741092681885,0.10379163175821304,1.4354109309844716,1.4388193768328703
dep,formal_e3_ms256_retry1,15,ffn_in,intermediate.dense,4096x1024,4194304,-8.94976983545348e-06,0.03463134169578552,0.027453269809484482,0.23527872562408447,0.09115162491798401,0.11904306709766388,0.14478743076324463,0.004744301260334753,0.03771024689694496,8.570153109514154,1.3059895224553144,0.0036764144897460938,0.00017404556274414062,8.821487426757812e-06,665,0.23527872562408447,0.11833254992961884,633,0.23527872562408447,0.13711334764957428,1.9882840838300384,1.7159432663360763
dep,formal_e3_ms256_retry1,15,ffn_out,output.dense,1024x4096,4194304,-1.0702755389502272e-05,0.03310961648821831,0.0258980430662632,2.6500895023345947,0.08930197358131409,0.12320201098918915,0.1727757751941681,0.005762767985845129,0.040537830700236324,102.32778961537859,1.3796112901917819,0.005005598068237305,0.0005552768707275391,0.00012350082397460938,18,2.6500895023345947,0.14134849607944489,31,2.6500895023345947,0.11641880869865417,18.748621851944662,22.76341367823351
dep,formal_e3_ms256_retry1,16,attn_k,attention.self.key,1024x1024,1048576,8.166744919435587e-06,0.03785322606563568,0.030044453218579292,0.32719555497169495,0.09896185994148254,0.1310773342847824,0.1742057204246521,0.004984294339898349,0.03777754661765817,10.890381415540602,1.3245237545281603,0.003604888916015625,0.00027751922607421875,7.343292236328125e-05,352,0.32719555497169495,0.13400889933109283,933,0.32719555497169495,0.1308601200580597,2.4415957194253206,2.500345825959243
dep,formal_e3_ms256_retry1,16,attn_out,attention.output.dense,1024x1024,1048576,2.010440766753163e-06,0.027879634872078896,0.021995924413204193,0.3499862849712372,0.07439897954463959,0.09770500659942627,0.120643749833107,0.004941582367415216,0.03856262848281798,15.911415151124077,1.313257348386116,0.004189491271972656,0.0002536773681640625,2.574920654296875e-05,18,0.3499862849712372,0.09647926688194275,280,0.3499862849712372,0.1007089838385582,3.6275802696500516,3.4752240726833628
dep,formal_e3_ms256_retry1,16,attn_q,attention.self.query,1024x1024,1048576,-4.5958106056787074e-05,0.03774461895227432,0.029988940805196762,0.2408657819032669,0.09861789643764496,0.12823614478111267,0.1559680849313736,0.004683968403478469,0.03720923091590845,8.031820245599587,1.3003334020838198,0.0033102035522460938,0.0001544952392578125,1.1444091796875e-05,523,0.2408657819032669,0.13183271884918213,933,0.2408657819032669,0.13133759796619415,1.827056166374143,1.833943864005073
dep,formal_e3_ms256_retry1,16,attn_v,attention.self.value,1024x1024,1048576,4.4977059587836266e-06,0.028954990208148956,0.022920431569218636,0.1591913104057312,0.07650331407785416,0.10021049529314041,0.1204792857170105,0.004773025620620134,0.03792167100909989,6.945388873895365,1.3098843690766189,0.0038127899169921875,0.0001926422119140625,2.86102294921875e-06,697,0.1591913104057312,0.10071080178022385,228,0.1591913104057312,0.1030370220541954,1.5806776193990237,1.544991375255389
dep,formal_e3_ms256_retry1,16,ffn_in,intermediate.dense,4096x1024,4194304,2.2465461370302364e-05,0.03420180082321167,0.027133697643876076,0.22507931292057037,0.08983604609966278,0.11755184084177017,0.1436455249786377,0.0047489943524510695,0.03759368247072397,8.295194996077857,1.3085153003212084,0.003573179244995117,0.00017499923706054688,1.2636184692382812e-05,3194,0.22507931292057037,0.11669038981199265,194,0.22507931292057037,0.1346219778060913,1.9288590370056184,1.6719358650693223
dep,formal_e3_ms256_retry1,16,ffn_out,output.dense,1024x4096,4194304,2.902324922615662e-07,0.032687216997146606,0.025596849620342255,1.258409857749939,0.08824151754379272,0.12352463603019714,0.1855892539024353,0.005932650636862908,0.04079489359930911,49.162685112228,1.3998471407622157,0.005056858062744141,0.0006687641143798828,0.0001773834228515625,18,1.258409857749939,0.1484883427619934,1644,1.258409857749939,0.11538796126842499,8.47480572779372,10.90590252151628
dep,formal_e3_ms256_retry1,17,attn_k,attention.self.key,1024x1024,1048576,-1.8879436538554728e-05,0.04042905941605568,0.032114848494529724,0.35608893632888794,0.10538818687200546,0.13775517046451569,0.18115365505218506,0.0048907194630603504,0.03745479011489005,11.087984313223282,1.3071215527393036,0.00334930419921875,0.0002307891845703125,6.103515625e-05,6,0.35608893632888794,0.14146314561367035,18,0.35608893632888794,0.13804946839809418,2.5171851989022724,2.5794299714507547
dep,formal_e3_ms256_retry1,17,attn_out,attention.output.dense,1024x1024,1048576,-3.808345354627818e-06,0.02662833221256733,0.021027369424700737,0.15433508157730103,0.07088465988636017,0.09270386397838593,0.11253438889980316,0.004807633856389012,0.03825254896743135,7.339723693445193,1.307812778209073,0.0040073394775390625,0.00019741058349609375,3.814697265625e-06,18,0.15433508157730103,0.09270694106817245,897,0.15433508157730103,0.09439221024513245,1.6647629594833686,1.6350404464150121
dep,formal_e3_ms256_retry1,17,attn_q,attention.self.query,1024x1024,1048576,3.6436707887332886e-05,0.040484145283699036,0.03219929337501526,0.21852122247219086,0.10545165091753006,0.1364143341779709,0.16248638927936554,0.004598820671001981,0.03696537657148225,6.7865222980871485,1.2936197109389556,0.0031375885009765625,0.00010395050048828125,4.76837158203125e-06,113,0.21852122247219086,0.13847696781158447,933,0.21852122247219086,0.13975170254707336,1.5780329821311279,1.5636390719360653
dep,formal_e3_ms256_retry1,17,attn_v,attention.self.value,1024x1024,1048576,-2.4714458049857058e-05,0.027480406686663628,0.021771321073174477,0.17427919805049896,0.07242591679096222,0.09439094364643097,0.11326439678668976,0.004728646669677917,0.037712366734200926,8.004989566996786,1.3032757861921838,0.0036935806274414062,0.00015163421630859375,8.58306884765625e-06,585,0.17427919805049896,0.09524164348840714,633,0.17427919805049896,0.09706848859786987,1.8298634049895655,1.795425071183435
dep,formal_e3_ms256_retry1,17,ffn_in,intermediate.dense,4096x1024,4194304,5.627856808132492e-05,0.03318772464990616,0.026279615238308907,0.5673338770866394,0.08646082878112793,0.11531414836645126,0.2139865607023239,0.005653091521466697,0.038414974036345216,21.58836314542432,1.3337155101573723,0.003450155258178711,0.00039958953857421875,0.00020074844360351562,2690,0.5673338770866394,0.11221573501825333,834,0.5673338770866394,0.1411358118057251,5.055742646023352,4.019772656054017
dep,formal_e3_ms256_retry1,17,ffn_out,output.dense,1024x4096,4194304,-9.686415069154464e-06,0.032015301287174225,0.025016220286488533,4.450798034667969,0.0844791904091835,0.11451408267021179,0.15954288840293884,0.005669687109493696,0.039507320139911595,177.9164871310268,1.355530067411291,0.004041910171508789,0.00039839744567871094,9.822845458984375e-05,314,4.450798034667969,0.13340923190116882,2690,4.450798034667969,0.1106080710887909,33.36199430310171,40.23936039075377
dep,formal_e3_ms256_retry1,18,attn_k,attention.self.key,1024x1024,1048576,2.3346721718553454e-05,0.03910159692168236,0.031074220314621925,0.32126590609550476,0.1020066887140274,0.1332557648420334,0.1674465388059616,0.004783303878175455,0.037341071771631276,10.33866345937998,1.3063434027901033,0.0033617019653320312,0.0001888275146484375,3.528594970703125e-05,116,0.32126590609550476,0.13640820980072021,314,0.32126590609550476,0.1340920776128769,2.3551801358939066,2.3958604551045717
dep,formal_e3_ms256_retry1,18,attn_out,attention.output.dense,1024x1024,1048576,-6.1369710238068365e-06,0.027003362774848938,0.021379932761192322,0.149148628115654,0.07127482444047928,0.09304072707891464,0.11302212625741959,0.004765752932020034,0.03785851512476102,6.976103703486869,1.3053799544131013,0.0037813186645507812,0.0001888275146484375,4.76837158203125e-06,677,0.149148628115654,0.09426169842481613,235,0.149148628115654,0.09377076476812363,1.5822824180769044,1.590566403979628
dep,formal_e3_ms256_retry1,18,attn_q,attention.self.query,1024x1024,1048576,2.5422152248211205e-05,0.038930997252464294,0.030961662530899048,0.2813986539840698,0.10153219103813171,0.13124407827854156,0.15827502310276031,0.004646345295112335,0.037059572146431664,9.088615758383138,1.292635142969102,0.00323486328125,0.00012874603271484375,1.621246337890625e-05,913,0.2813986539840698,0.13422004878520966,314,0.2813986539840698,0.13345681130886078,2.0965470995647446,2.1085372205756165
dep,formal_e3_ms256_retry1,18,attn_v,attention.self.value,1024x1024,1048576,5.204017725191079e-05,0.028935657814145088,0.022916026413440704,0.19247011840343475,0.07624630630016327,0.09963667392730713,0.12129607051610947,0.004758664473140909,0.03776459207175386,8.398930727822307,1.3067737804250037,0.0036640167236328125,0.000164031982421875,7.62939453125e-06,552,0.19247011840343475,0.09921134263277054,633,0.19247011840343475,0.10259046405553818,1.9400011459965856,1.8761014503184186
dep,formal_e3_ms256_retry1,18,ffn_in,intermediate.dense,4096x1024,4194304,7.97294924268499e-05,0.03272857517004013,0.02591060847043991,1.1489912271499634,0.08481159806251526,0.11178258061408997,0.21145281195640564,0.005641200242627017,0.03812173487626604,44.344432453633374,1.3180105453465716,0.003171682357788086,0.0003108978271484375,0.0001659393310546875,3874,1.1489912271499634,0.11051172018051147,929,1.1489912271499634,0.1502952128648758,10.397007894485618,7.644895703916889
dep,formal_e3_ms256_retry1,18,ffn_out,output.dense,1024x4096,4194304,-1.8977991203428246e-05,0.03221713751554489,0.025187905877828598,5.438570022583008,0.08435483276844025,0.11319005489349365,0.15222221612930298,0.005422436629303686,0.03888571448326637,215.91989619789132,1.3418324852140724,0.0037386417388916016,0.00031566619873046875,7.653236389160156e-05,314,5.438570022583008,0.12993590533733368,3874,5.438570022583008,0.11055164784193039,41.85579042577677,49.194834529822806
dep,formal_e3_ms256_retry1,19,attn_k,attention.self.key,1024x1024,1048576,-3.44918153132312e-05,0.03784313425421715,0.030108436942100525,0.2957960367202759,0.09828884899616241,0.1277875155210495,0.16157746315002441,0.0047555305213746995,0.03707184544575394,9.824357115884196,1.30012220944859,0.0031766891479492188,0.00018787384033203125,3.4332275390625e-05,832,0.2957960367202759,0.13039271533489227,91,0.2957960367202759,0.12934763729572296,2.2685012422708764,2.2868298401462703
dep,formal_e3_ms256_retry1,19,attn_out,attention.output.dense,1024x1024,1048576,1.0611176548991352e-05,0.028646083548665047,0.022749699652194977,0.1737387329339981,0.07479602098464966,0.09761455655097961,0.11755555868148804,0.0046724430784502455,0.0372721212909947,7.63696820574223,1.3050768645970217,0.0033969879150390625,0.00013065338134765625,7.62939453125e-06,143,0.1737387329339981,0.09997328370809555,548,0.1737387329339981,0.09941954910755157,1.7378516188513395,1.7475308879750442
dep,formal_e3_ms256_retry1,19,attn_q,attention.self.query,1024x1024,1048576,1.7809608834795654e-05,0.03772875666618347,0.029993291944265366,0.3260728716850281,0.09815244376659393,0.12973515689373016,0.18202580511569977,0.004994880151101759,0.03747910032873103,10.871526616383045,1.3217720508542792,0.003231048583984375,0.0002899169921875,8.0108642578125e-05,358,0.3260728716850281,0.13431525230407715,314,0.3260728716850281,0.12852893769741058,2.4276682364176305,2.536960761728892
dep,formal_e3_ms256_retry1,19,attn_v,attention.self.value,1024x1024,1048576,-4.9259665502177086e-06,0.029940901324152946,0.023694735020399094,0.16585911810398102,0.07914943993091583,0.1033637523651123,0.12456242740154266,0.0047633762970860655,0.03792940808413543,6.999830044994841,1.30593157014543,0.0038328170776367188,0.00018787384033203125,5.7220458984375e-06,541,0.16585911810398102,0.10403800010681152,66,0.16585911810398102,0.10605687648057938,1.5942167086420376,1.563869534988166
dep,formal_e3_ms256_retry1,19,ffn_in,intermediate.dense,4096x1024,4194304,4.1227336623705924e-05,0.032314300537109375,0.025737078860402107,0.4648407995700836,0.08363860845565796,0.10785510390996933,0.13131362199783325,0.004626063819374128,0.036718554199681286,18.061132815086737,1.2895372830975547,0.002955198287963867,0.00012159347534179688,1.9550323486328125e-05,4021,0.4648407995700836,0.10949317365884781,929,0.4648407995700836,0.12540242075920105,4.245386118941135,3.706792873342337
dep,formal_e3_ms256_retry1,19,ffn_out,output.dense,1024x4096,4194304,-1.4815787835686933e-05,0.03243587538599968,0.02535885199904442,5.362122058868408,0.08414027094841003,0.11517958343029022,0.20639438927173615,0.006196097518405104,0.03943150300820526,211.44971622021635,1.3688996022001367,0.0035085678100585938,0.00048661231994628906,0.00021648406982421875,314,5.362122058868408,0.13321304321289062,4021,5.362122058868408,0.11548765748739243,40.2522300335042,46.43026082206041
dep,formal_e3_ms256_retry1,20,attn_k,attention.self.key,1024x1024,1048576,-5.598923507932341e-06,0.03761416673660278,0.029823126271367073,0.3730199933052063,0.09840359538793564,0.1294255405664444,0.19186870753765106,0.005112404854698617,0.03790370881101811,12.507742813782054,1.315252151674044,0.0035066604614257812,0.0003070831298828125,0.000102996826171875,319,0.3730199933052063,0.1319546401500702,143,0.3730199933052063,0.1294158399105072,2.826880455897389,2.882336455592721
dep,formal_e3_ms256_retry1,20,attn_out,attention.output.dense,1024x1024,1048576,-2.742706328717759e-06,0.030251195654273033,0.024063002318143845,0.22104045748710632,0.07861670851707458,0.10195799171924591,0.12279410660266876,0.004620344214862983,0.036993230311564776,9.18590517362161,1.29689977668172,0.0032367706298828125,0.0001220703125,1.1444091796875e-05,143,0.22104045748710632,0.10473044216632843,173,0.22104045748710632,0.10357984155416489,2.110565494759005,2.1340103843614964
dep,formal_e3_ms256_retry1,20,attn_q,attention.self.query,1024x1024,1048576,2.6004756364272907e-05,0.03744515776634216,0.0296977199614048,0.43430280685424805,0.09770162403583527,0.13024649024009705,0.20471099019050598,0.005274727011375301,0.03804815363825106,14.624112807941774,1.3331046594714218,0.0034990310668945312,0.00036716461181640625,0.00014495849609375,302,0.43430280685424805,0.1339064985513687,91,0.43430280685424805,0.12831708788871765,3.2433288268503446,3.384606165866973
dep,formal_e3_ms256_retry1,20,attn_v,attention.self.value,1024x1024,1048576,4.770375653606607e-06,0.031901270151138306,0.025160513818264008,0.2227526158094406,0.0851074606180191,0.11459200084209442,0.14914537966251373,0.005122053304284263,0.03896970509510401,8.85326179816505,1.3464389609320901,0.00438690185546875,0.00038242340087890625,4.9591064453125e-05,584,0.2227526158094406,0.11189167201519012,148,0.2227526158094406,0.11300541460514069,1.9907881596335453,1.971167634646309
dep,formal_e3_ms256_retry1,20,ffn_in,intermediate.dense,4096x1024,4194304,1.1538414582901169e-05,0.03252515569329262,0.02589411661028862,0.47982552647590637,0.08404827862977982,0.10865990817546844,0.14195425808429718,0.004849355862097838,0.03690523071188346,18.530291405471438,1.292827288636085,0.0028972625732421875,0.0001666545867919922,6.890296936035156e-05,318,0.47982552647590637,0.1100701242685318,370,0.47982552647590637,0.13233062624931335,4.359271234266107,3.6259597651408844
dep,formal_e3_ms256_retry1,20,ffn_out,output.dense,1024x4096,4194304,-3.3612763218116015e-05,0.03360046446323395,0.025730667635798454,5.009181022644043,0.08551819622516632,0.12920163571834564,0.3205176591873169,0.0086211464225509,0.04238944242769697,194.67746012446605,1.5108087099751544,0.0033843517303466797,0.0008852481842041016,0.0005431175231933594,314,5.009181022644043,0.1285722404718399,318,5.009181022644043,0.13099634647369385,38.96005081859923,38.23908954323368
dep,formal_e3_ms256_retry1,21,attn_k,attention.self.key,1024x1024,1048576,-5.2162122301524505e-06,0.038361597806215286,0.030535079538822174,0.3318735957145691,0.09954334795475006,0.12901034951210022,0.15724250674247742,0.004639325780180019,0.03683965177196964,10.868600990301216,1.2960218052013392,0.0030622482299804688,0.0001354217529296875,1.430511474609375e-05,756,0.3318735957145691,0.1317339390516281,18,0.3318735957145691,0.1314103603363037,2.519271784505767,2.5254751213317004
dep,formal_e3_ms256_retry1,21,attn_out,attention.output.dense,1024x1024,1048576,-6.329648385872133e-06,0.030743654817342758,0.0244479738175869,0.1966308355331421,0.07994738966226578,0.10362637042999268,0.1247437372803688,0.004635062872055158,0.036959190062387404,8.042827475203433,1.2961820375594213,0.003082275390625,0.0001220703125,1.049041748046875e-05,929,0.1966308355331421,0.1065673679113388,826,0.1966308355331421,0.10493491590023041,1.845131763944228,1.873836118762357
dep,formal_e3_ms256_retry1,21,attn_q,attention.self.query,1024x1024,1048576,-3.190573625033721e-05,0.038500361144542694,0.03061351552605629,0.31763389706611633,0.10008968412876129,0.1303863823413849,0.1768670529127121,0.004873328340940644,0.03725961874858005,10.37560997513554,1.3026955122932362,0.0032281875610351562,0.00023937225341796875,6.103515625e-05,490,0.31763389706611633,0.1344977766275406,314,0.31763389706611633,0.13079439103603363,2.3616293520280816,2.428497847270903
dep,formal_e3_ms256_retry1,21,attn_v,attention.self.value,1024x1024,1048576,1.5931223060761113e-06,0.03112494759261608,0.02459901012480259,0.205718994140625,0.08270919322967529,0.11032921820878983,0.13894270360469818,0.005005644406315893,0.038559588643252984,8.362897250617555,1.333941414498101,0.004157066345214844,0.00030803680419921875,3.62396240234375e-05,414,0.205718994140625,0.10886996984481812,886,0.205718994140625,0.10971460491418839,1.8895843769760776,1.875037460158791
dep,formal_e3_ms256_retry1,21,ffn_in,intermediate.dense,4096x1024,4194304,3.116045263595879e-06,0.033079832792282104,0.02618252858519554,1.4007786512374878,0.08490663021802902,0.11030721664428711,0.24517656862735748,0.005758623834874314,0.037828853528133824,53.50051071956182,1.2991590451892006,0.0027780532836914062,0.00023102760314941406,0.00014591217041015625,698,1.4007786512374878,0.11163295060396194,143,1.4007786512374878,0.20117203891277313,12.548075130675379,6.963088204543456
dep,formal_e3_ms256_retry1,21,ffn_out,output.dense,1024x4096,4194304,-5.364321623346768e-06,0.033234789967536926,0.025415312498807907,5.68190860748291,0.08389414101839066,0.12130875140428543,0.3070276379585266,0.008172089636249626,0.04145994937097382,223.56241371218306,1.4459740564921335,0.003048419952392578,0.0007262229919433594,0.00042438507080078125,314,5.68190860748291,0.12597888708114624,698,5.68190860748291,0.12193272262811661,45.10207018913452,46.598718416320445
dep,formal_e3_ms256_retry1,22,attn_k,attention.self.key,1024x1024,1048576,1.960178997251205e-05,0.038923271000385284,0.031016627326607704,0.2155267596244812,0.10053272545337677,0.12907838821411133,0.15453971922397614,0.004533640630137357,0.0365373785613375,6.948749048533428,1.2839439857220716,0.0029277801513671875,9.059906005859375e-05,3.814697265625e-06,93,0.2155267596244812,0.13339535892009735,235,0.2155267596244812,0.1325155347585678,1.6156990870542942,1.6264263659136484
dep,formal_e3_ms256_retry1,22,attn_out,attention.output.dense,1024x1024,1048576,1.1680479474307504e-05,0.03120119869709015,0.02484680712223053,0.2582707703113556,0.08089598268270493,0.10388515889644623,0.12550854682922363,0.004566896969667892,0.03669288373621615,10.394525503451097,1.2841819266095182,0.00298309326171875,0.0001068115234375,5.7220458984375e-06,929,0.2582707703113556,0.10696808248758316,65,0.2582707703113556,0.10729354619979858,2.414465738799568,2.4071417103728874
dep,formal_e3_ms256_retry1,22,attn_q,attention.self.query,1024x1024,1048576,-1.7264253983739763e-05,0.039245933294296265,0.031180191785097122,0.3716600239276886,0.1017676293849945,0.1356624811887741,0.2168387770652771,0.005307261790775937,0.03775494798664113,11.919747847905386,1.3330612298686142,0.0032701492309570312,0.0003910064697265625,0.00015163421630859375,603,0.3716600239276886,0.13864943385124207,314,0.3716600239276886,0.13267090916633606,2.6805736857638034,2.801367882854561
dep,formal_e3_ms256_retry1,22,attn_v,attention.self.value,1024x1024,1048576,-2.897736521845218e-06,0.0311496052891016,0.02468477189540863,0.21649712324142456,0.0817289650440216,0.10766870528459549,0.13342243432998657,0.004821865438622465,0.0377142415421471,8.770472911750627,1.3173873574271004,0.0035467147827148438,0.00019931793212890625,2.47955322265625e-05,143,0.21649712324142456,0.10888947546482086,983,0.21649712324142456,0.10843101143836975,1.9882281764812864,1.9966347299497216
dep,formal_e3_ms256_retry1,22,ffn_in,intermediate.dense,4096x1024,4194304,3.73982620658353e-05,0.03338313102722168,0.026496613398194313,0.9280434250831604,0.08585735410451889,0.11126641929149628,0.22218136489391327,0.005437915383415461,0.03745268276624239,35.024982669913754,1.2959451226047047,0.002813577651977539,0.00021386146545410156,0.00013375282287597656,3158,0.9280434250831604,0.1123388335108757,929,0.9280434250831604,0.1827109307050705,8.261109681126563,5.079298876656677
dep,formal_e3_ms256_retry1,22,ffn_out,output.dense,1024x4096,4194304,3.3605472253839253e-06,0.033688586205244064,0.02523764781653881,6.9429216384887695,0.08339759707450867,0.18478375673294067,0.5004295110702515,0.013109994031820988,0.04781199889234612,275.1017721207328,2.2156964135052006,0.003183126449584961,0.0014162063598632812,0.0011172294616699219,314,6.9429216384887695,0.1219148188829422,3158,6.9429216384887695,0.21481853723526,56.948955853800584,32.31993722629803
dep,formal_e3_ms256_retry1,23,attn_k,attention.self.key,1024x1024,1048576,-1.4612796803703532e-05,0.039889197796583176,0.031776100397109985,0.3137042224407196,0.10305148363113403,0.133378267288208,0.16068719327449799,0.004591237937775328,0.036625010609822095,9.872332303848422,1.2942876957077754,0.00295257568359375,0.0001201629638671875,1.33514404296875e-05,53,0.3137042224407196,0.13694897294044495,314,0.3137042224407196,0.13637228310108185,2.2906650243893414,2.300351767288341
dep,formal_e3_ms256_retry1,23,attn_out,attention.output.dense,1024x1024,1048576,-2.908413989644032e-06,0.03313203528523445,0.02641461044549942,0.32312750816345215,0.08555803447961807,0.11026165634393692,0.1337965577840805,0.004564045933654866,0.03652154112307277,12.232908330416333,1.2887352662385416,0.0028629302978515625,0.0001125335693359375,2.86102294921875e-06,929,0.32312750816345215,0.11323177814483643,914,0.32312750816345215,0.11328968405723572,2.8536821858448165,2.8522235793349293
dep,formal_e3_ms256_retry1,23,attn_q,attention.self.query,1024x1024,1048576,1.2398611033859197e-05,0.04043805971741676,0.03218512237071991,0.28227698802948,0.10491849482059479,0.13673041760921478,0.16959784924983978,0.004684129086634285,0.036997194786627385,8.770418355975512,1.3032060538327084,0.0032186508178710938,0.00015926361083984375,1.621246337890625e-05,973,0.28227698802948,0.14081920683383942,314,0.28227698802948,0.1377313882112503,2.004534710684421,2.049474645507296
dep,formal_e3_ms256_retry1,23,attn_v,attention.self.value,1024x1024,1048576,1.2855543900514022e-05,0.032956454902887344,0.0261385515332222,0.2240978330373764,0.08610883355140686,0.11297498643398285,0.14517635107040405,0.004851784416200124,0.03754513548323284,8.573460268161654,1.3120022856486255,0.0033903121948242188,0.0002288818359375,3.910064697265625e-05,378,0.2240978330373764,0.11412069201469421,580,0.2240978330373764,0.11394385993480682,1.9636915013494791,1.9667389990614181
dep,formal_e3_ms256_retry1,23,ffn_in,intermediate.dense,4096x1024,4194304,-2.784701791824773e-05,0.03406132012605667,0.027137992903590202,0.3438927233219147,0.08819673955440521,0.11335494369268417,0.13562718033790588,0.004543667004836578,0.03659497165982399,12.672002846475047,1.2852509544614155,0.002900362014770508,9.298324584960938e-05,7.152557373046875e-06,2999,0.3438927233219147,0.11612878739833832,314,0.3438927233219147,0.12952521443367004,2.9613046947809205,2.655025315538253
dep,formal_e3_ms256_retry1,23,ffn_out,output.dense,1024x4096,4194304,1.5067780623212457e-07,0.029870890080928802,0.023740779608488083,1.2959280014038086,0.0773610919713974,0.10041746497154236,0.12697967886924744,0.00489080245888546,0.03711768874982013,54.586581518176985,1.2980357749948714,0.003034830093383789,0.00017118453979492188,4.2438507080078125e-05,498,1.2959280014038086,0.11733982712030411,2695,1.2959280014038086,0.10158737748861313,11.04422968064494,12.756781732544168
semeval,formal_e10_ms256,0,attn_k,attention.self.key,1024x1024,1048576,3.167333852616139e-05,0.034788768738508224,0.027259042486548424,0.7184005379676819,0.09370004385709763,0.13118843734264374,0.21447047591209412,0.0061014853886891375,0.040807433615994766,26.354577139758028,1.4000893910222694,0.004878044128417969,0.0006856918334960938,0.00023651123046875,347,0.7184005379676819,0.12019569426774979,15,0.7184005379676819,0.12551340460777283,5.976924068239597,5.723695729652708
semeval,formal_e10_ms256,0,attn_out,attention.output.dense,1024x1024,1048576,-1.0518831004446838e-05,0.02517126314342022,0.01936294324696064,0.995901882648468,0.070953868329525,0.11424608528614044,0.18065747618675232,0.0074681958517040375,0.04634210058371005,51.43339367091274,1.610145971965293,0.007493019104003906,0.0018739700317382812,0.0006017684936523438,136,0.995901882648468,0.0849355161190033,1009,0.995901882648468,0.11207815259695053,11.725388013809303,8.885780676898532
semeval,formal_e10_ms256,0,attn_q,attention.self.query,1024x1024,1048576,-7.565020041511161e-06,0.03517082333564758,0.027690347284078598,0.5000900626182556,0.09381388127803802,0.13034963607788086,0.19938866794109344,0.005731106126929233,0.039851311120262405,18.060086335782344,1.3894493469634959,0.0045166015625,0.0005931854248046875,0.0001773834228515625,960,0.5000900626182556,0.12857072055339813,136,0.5000900626182556,0.12513236701488495,3.889610795255345,3.996488474950435
semeval,formal_e10_ms256,0,attn_v,attention.self.value,1024x1024,1048576,1.0913863661698997e-06,0.0261049997061491,0.02056685835123062,0.1561809629201889,0.06968141347169876,0.09217701852321625,0.11174384504556656,0.0049112273850345075,0.038651466235237394,7.593817210825677,1.322835085150133,0.004231452941894531,0.0002422332763671875,1.52587890625e-05,330,0.1561809629201889,0.09199163317680359,9,0.1561809629201889,0.09356015175580978,1.6977735640372473,1.6693107053504814
semeval,formal_e10_ms256,0,ffn_in,intermediate.dense,4096x1024,4194304,6.140110053820536e-05,0.03479703515768051,0.027500364929437637,0.4092489778995514,0.09217263013124466,0.12051071971654892,0.14833323657512665,0.004854251305832386,0.0381171386411378,14.881583533514231,1.307445817103772,0.003849506378173828,0.00020694732666015625,2.2411346435546875e-05,2577,0.4092489778995514,0.12093550711870193,182,0.4092489778995514,0.1351732760667801,3.3840266407272837,3.0275879212794163
semeval,formal_e10_ms256,0,ffn_out,output.dense,1024x4096,4194304,-1.5294546756194904e-05,0.03200239688158035,0.025012658908963203,2.807807207107544,0.08572668582201004,0.11708894371986389,0.17914819717407227,0.005890965909137452,0.040359810490604026,112.25544702492127,1.3658400834831024,0.004667758941650391,0.0005171298980712891,0.00014853477478027344,136,2.807807207107544,0.1326269805431366,2577,2.807807207107544,0.11207692325115204,21.17070897346043,25.05250077944732
semeval,formal_e10_ms256,1,attn_k,attention.self.key,1024x1024,1048576,3.0624934879597276e-05,0.031157193705439568,0.024545475840568542,0.4208511412143707,0.08294028043746948,0.11649972945451736,0.17533990740776062,0.005752211663263962,0.03988071144456202,17.14577235935234,1.404621841643628,0.0045833587646484375,0.0006704330444335938,0.00018787384033203125,48,0.4208511412143707,0.11142539232969284,80,0.4208511412143707,0.1080486997961998,3.7769769745941613,3.8950134708531916
semeval,formal_e10_ms256,1,attn_out,attention.output.dense,1024x1024,1048576,2.098091727020801e-06,0.025179853662848473,0.01956963911652565,0.9043790102005005,0.06960535049438477,0.10472502559423447,0.15138599276542664,0.006526083253540471,0.04329067449080891,46.21337188772145,1.5045542454769032,0.006360054016113281,0.0012416839599609375,0.000339508056640625,136,0.9043790102005005,0.08538127690553665,590,0.9043790102005005,0.09801173210144043,10.592240394824254,9.227252603438169
semeval,formal_e10_ms256,1,attn_q,attention.self.query,1024x1024,1048576,3.65134583262261e-05,0.031712863594293594,0.025029068812727928,0.3206300735473633,0.08405518531799316,0.11561883240938187,0.17504121363162994,0.005566432681924057,0.039347112446556726,12.81030772444537,1.3755110047283672,0.004353523254394531,0.0005331039428710938,0.00015735626220703125,47,0.3206300735473633,0.11575126647949219,234,0.3206300735473633,0.10938151925802231,2.7699919257831165,2.9313002390378435
semeval,formal_e10_ms256,1,attn_v,attention.self.value,1024x1024,1048576,2.3463682737201452e-05,0.02717503346502781,0.021450188010931015,0.15258142352104187,0.07223940640687943,0.09410463273525238,0.11356194317340851,0.004790778548564074,0.03820139101033677,7.113290729353346,1.3026772701483702,0.0039501190185546875,0.0001964569091796875,4.76837158203125e-06,194,0.15258142352104187,0.09445694088935852,760,0.15258142352104187,0.09615340828895569,1.6153542776678218,1.586854030826566
semeval,formal_e10_ms256,1,ffn_in,intermediate.dense,4096x1024,4194304,0.0001346623757854104,0.035692598670721054,0.028271406888961792,0.2420458197593689,0.09401720017194748,0.12264242768287659,0.14950814843177795,0.004759725482860301,0.037746611136205754,8.561506001806814,1.304467985204586,0.0036551952362060547,0.00018358230590820312,1.049041748046875e-05,998,0.2420458197593689,0.12449080497026443,181,0.2420458197593689,0.13719362020492554,1.9442867271778295,1.7642643979933328
semeval,formal_e10_ms256,1,ffn_out,output.dense,1024x4096,4194304,-2.262356792925857e-05,0.03316952660679817,0.026031123474240303,1.7175002098083496,0.08847679197788239,0.12302189320325851,0.18852871656417847,0.005909607547122424,0.04015293030523093,65.97872010817902,1.3904425155244302,0.0045435428619384766,0.0005974769592285156,0.0001747608184814453,136,1.7175002098083496,0.1392611563205719,1952,1.7175002098083496,0.11461053043603897,12.332945203002293,14.98553582532139
semeval,formal_e10_ms256,2,attn_k,attention.self.key,1024x1024,1048576,2.5152348825940862e-05,0.03250972926616669,0.02569630555808544,0.32794860005378723,0.08637559413909912,0.11606904119253159,0.14747656881809235,0.005072487247563516,0.03867212924208655,12.76248055629915,1.3437712625815827,0.0042285919189453125,0.0003566741943359375,3.814697265625e-05,882,0.32794860005378723,0.1121397316455841,80,0.32794860005378723,0.1152200922369957,2.924463927649334,2.846279617440604
semeval,formal_e10_ms256,2,attn_out,attention.output.dense,1024x1024,1048576,1.7502352420706302e-05,0.0233605969697237,0.01827928237617016,0.43072351813316345,0.0632978305220604,0.09701436012983322,0.14511528611183167,0.006477010430789265,0.042351305431280926,23.5634807356922,1.5326648532767964,0.00568389892578125,0.0012063980102539062,0.0003833770751953125,136,0.43072351813316345,0.08176598697900772,672,0.43072351813316345,0.08096467703580856,5.267759052963498,5.31989422921635
semeval,formal_e10_ms256,2,attn_q,attention.self.query,1024x1024,1048576,5.3649568144464865e-05,0.03382495418190956,0.026784373447299004,0.2522013783454895,0.08938771486282349,0.12004083395004272,0.15901127457618713,0.0050768546861485984,0.03846502192562305,9.41598947019319,1.3429231761239253,0.004057884216308594,0.00034046173095703125,5.91278076171875e-05,93,0.2522013783454895,0.11892319470643997,136,0.2522013783454895,0.11746633052825928,2.1207080668161047,2.1470099322189737
semeval,formal_e10_ms256,2,attn_v,attention.self.value,1024x1024,1048576,4.936064215144143e-07,0.024732960388064384,0.019576869904994965,0.18555471301078796,0.06515224277973175,0.0855429545044899,0.11009658873081207,0.004899585557629827,0.03795882760470443,9.478262557358283,1.3129702195163957,0.0037145614624023438,0.00024700164794921875,3.719329833984375e-05,846,0.18555471301078796,0.08479751646518707,181,0.18555471301078796,0.08751180022954941,2.188209286612373,2.120339343083622
semeval,formal_e10_ms256,2,ffn_in,intermediate.dense,4096x1024,4194304,0.0001872282155090943,0.03652043640613556,0.028959181159734726,0.25298354029655457,0.09592317789793015,0.12502875924110413,0.15222212672233582,0.004739524467429867,0.03755979639477925,8.735866490876704,1.303425949608807,0.0035212039947509766,0.0001671314239501953,1.3113021850585938e-05,3623,0.25298354029655457,0.1264338493347168,976,0.25298354029655457,0.13988710939884186,2.0009162232086624,1.8084835792500051
semeval,formal_e10_ms256,2,ffn_out,output.dense,1024x4096,4194304,-6.267737262533046e-06,0.03391261398792267,0.026678092777729034,1.5459328889846802,0.09031905978918076,0.12407522648572922,0.1820654720067978,0.005714886733583323,0.039765516845576235,57.94765397454613,1.3737435572883596,0.004447221755981445,0.0005178451538085938,0.00013899803161621094,136,1.5459328889846802,0.14157737791538239,996,1.5459328889846802,0.11691833287477493,10.919349628784971,13.222330929405635
semeval,formal_e10_ms256,3,attn_k,attention.self.key,1024x1024,1048576,1.787843939382583e-05,0.035857487469911575,0.028295110911130905,0.3103410303592682,0.09578105062246323,0.13077549636363983,0.1757466197013855,0.005286414676901619,0.03932113581477026,10.96800897278633,1.365358758478365,0.004565238952636719,0.000492095947265625,7.915496826171875e-05,711,0.3103410303592682,0.12195371091365814,15,0.3103410303592682,0.12747611105442047,2.544744461109397,2.4345034359165645
semeval,formal_e10_ms256,3,attn_out,attention.output.dense,1024x1024,1048576,3.225795808248222e-06,0.024123044684529305,0.01889200694859028,0.23020003736019135,0.06578724086284637,0.0952296108007431,0.13059917092323303,0.005864619564702986,0.04155263511147915,12.185049369641952,1.4475392120377621,0.0057697296142578125,0.0009202957153320312,0.00020122528076171875,136,0.23020003736019135,0.08325598388910294,500,0.23020003736019135,0.08718238770961761,2.764966872132795,2.640441990725572
semeval,formal_e10_ms256,3,attn_q,attention.self.query,1024x1024,1048576,-1.813005110307131e-05,0.03695634379982948,0.029240807518363,0.2514828145503998,0.09794700145721436,0.13234740495681763,0.16817313432693481,0.0050574511265029185,0.03860960007170094,8.600405935864478,1.3512144627993559,0.004192352294921875,0.000347137451171875,3.528594970703125e-05,346,0.2514828145503998,0.12700910866260529,136,0.2514828145503998,0.13304227590560913,1.9800376303596776,1.8902473881972814
semeval,formal_e10_ms256,3,attn_v,attention.self.value,1024x1024,1048576,1.5421977877849713e-05,0.025357510894536972,0.020075423642992973,0.1795506775379181,0.066966213285923,0.08733981847763062,0.10499240458011627,0.0047597708608606995,0.03786299010077185,8.943805158532113,1.3042370800439205,0.0037746429443359375,0.00016307830810546875,8.58306884765625e-06,658,0.1795506775379181,0.08783067017793655,331,0.1795506775379181,0.08939073979854584,2.0442822213944805,2.008604895121798
semeval,formal_e10_ms256,3,ffn_in,intermediate.dense,4096x1024,4194304,0.0001697795814834535,0.03695414587855339,0.029328085482120514,0.2123301923274994,0.09686130285263062,0.12590907514095306,0.15113314986228943,0.004676664689792495,0.03737193637428998,7.239824517592317,1.299890373480905,0.003419637680053711,0.00014090538024902344,5.0067901611328125e-06,3967,0.2123301923274994,0.12830081582069397,144,0.2123301923274994,0.1416400671005249,1.6549403132731453,1.4990828278611605
semeval,formal_e10_ms256,3,ffn_out,output.dense,1024x4096,4194304,-1.4953702702769078e-06,0.03410489857196808,0.026867667213082314,0.6129252910614014,0.0911080464720726,0.12472528219223022,0.17351669073104858,0.0054667702369147865,0.03952696629595169,22.812746867839643,1.3689820715282524,0.004530906677246094,0.0004863739013671875,0.00011038780212402344,136,0.6129252910614014,0.14221329987049103,2872,0.6129252910614014,0.11828191578388214,4.309901335666722,5.181901958548785
semeval,formal_e10_ms256,4,attn_k,attention.self.key,1024x1024,1048576,6.937941179785412e-06,0.037586987018585205,0.029822170734405518,0.32638227939605713,0.09859973192214966,0.13064450025558472,0.16517139971256256,0.0049190847294139604,0.03782844297572816,10.944283107450438,1.3249985340602781,0.0036725997924804688,0.00027179718017578125,3.910064697265625e-05,532,0.32638227939605713,0.1306055188179016,136,0.32638227939605713,0.12908193469047546,2.4989930161459695,2.5284892125198355
semeval,formal_e10_ms256,4,attn_out,attention.output.dense,1024x1024,1048576,1.4279474271461368e-05,0.02381977252662182,0.018618248403072357,0.2179691344499588,0.06509990990161896,0.09264340251684189,0.1269969344139099,0.0057704049582186,0.04140682306487777,11.707284688176673,1.423095710222142,0.005764007568359375,0.0008192062377929688,0.00017547607421875,39,0.2179691344499588,0.08370161801576614,120,0.2179691344499588,0.084657222032547,2.6041209192503527,2.574725808580858
semeval,formal_e10_ms256,4,attn_q,attention.self.query,1024x1024,1048576,-1.357037149318785e-06,0.03837135434150696,0.03045450896024704,0.30700331926345825,0.10046886652708054,0.1322273313999176,0.16685131192207336,0.004826386903261991,0.03759560315691486,10.080718085594373,1.3161025496816652,0.0034942626953125,0.00022029876708984375,2.6702880859375e-05,437,0.30700331926345825,0.13414713740348816,234,0.30700331926345825,0.13156342506408691,2.2885566192892566,2.3335005083206934
semeval,formal_e10_ms256,4,attn_v,attention.self.value,1024x1024,1048576,-7.4724202931975015e-06,0.02515370398759842,0.019854465499520302,0.1419982761144638,0.06685779988765717,0.08816516399383545,0.10770212858915329,0.0048658905416732925,0.038386873509808586,7.151956627484864,1.3186967585230382,0.0041065216064453125,0.00022220611572265625,1.239776611328125e-05,422,0.1419982761144638,0.0876346006989479,5,0.1419982761144638,0.09015662223100662,1.6203448749914662,1.575017703642715
semeval,formal_e10_ms256,4,ffn_in,intermediate.dense,4096x1024,4194304,0.00018975185230374336,0.03687061741948128,0.02926032245159149,0.3593575656414032,0.09661717712879181,0.1256093978881836,0.153059720993042,0.004711934813421795,0.03741821336867949,12.281394582576018,1.3000731507684686,0.0034596920013427734,0.00015807151794433594,1.2636184692382812e-05,1633,0.3593575656414032,0.1276119500398636,15,0.3593575656414032,0.14193500578403473,2.816018135677314,2.531845922408979
semeval,formal_e10_ms256,4,ffn_out,output.dense,1024x4096,4194304,1.3556928024627268e-06,0.034411702305078506,0.026974452659487724,3.236762046813965,0.09183628857135773,0.1261637806892395,0.1831468641757965,0.00579570820241325,0.040050721598884224,119.99361350064312,1.3737900632951752,0.004543304443359375,0.0005204677581787109,0.00013637542724609375,234,3.236762046813965,0.141880065202713,2717,3.236762046813965,0.12072623521089554,22.813367347903306,26.81075941082479
semeval,formal_e10_ms256,5,attn_k,attention.self.key,1024x1024,1048576,-5.8221234212396666e-05,0.036113861948251724,0.028643283993005753,0.35616984963417053,0.09467463195323944,0.12532949447631836,0.16698981821537018,0.005001987226378951,0.037882705631891694,12.43467228552221,1.3237917263646677,0.0035953521728515625,0.000286102294921875,6.008148193359375e-05,327,0.35616984963417053,0.12515167891979218,466,0.35616984963417053,0.12532591819763184,2.8459054861136495,2.841948854286557
semeval,formal_e10_ms256,5,attn_out,attention.output.dense,1024x1024,1048576,2.3430569854099303e-05,0.025855273008346558,0.020326286554336548,0.2485470324754715,0.06973212212324142,0.09927675873041153,0.1354202777147293,0.005664322950266995,0.04049307499538148,12.227862271401698,1.4236876163750507,0.00505828857421875,0.0007610321044921875,0.00014972686767578125,234,0.2485470324754715,0.088436059653759,16,0.2485470324754715,0.09127847850322723,2.8104715819380917,2.7229532804568373
semeval,formal_e10_ms256,5,attn_q,attention.self.query,1024x1024,1048576,-3.241078957216814e-05,0.03680777549743652,0.029238326475024223,0.3168431520462036,0.09613997489213943,0.12574315071105957,0.1584462970495224,0.004807328144427222,0.0374306317678043,10.836569333640055,1.3079174490333734,0.0034246444702148438,0.00019359588623046875,3.719329833984375e-05,111,0.3168431520462036,0.12841151654720306,234,0.3168431520462036,0.1268344223499298,2.4674044864950613,2.49808487456228
semeval,formal_e10_ms256,5,attn_v,attention.self.value,1024x1024,1048576,3.3631840778980404e-05,0.027658969163894653,0.02191949263215065,0.19268277287483215,0.07278257608413696,0.09524121880531311,0.11674801260232925,0.004778977833138652,0.03770195604786497,8.790475952541557,1.3085716929724205,0.0035982131958007812,0.0001926422119140625,1.430511474609375e-05,382,0.19268277287483215,0.09607841819524765,331,0.19268277287483215,0.09711641818284988,2.005474033546931,1.9840391200595024
semeval,formal_e10_ms256,5,ffn_in,intermediate.dense,4096x1024,4194304,9.786974260350689e-05,0.036971062421798706,0.029343582689762115,0.2610541582107544,0.09684143960475922,0.1258324682712555,0.15326324105262756,0.004700264547900952,0.03740096146204489,8.896465062592217,1.299365940704908,0.0034465789794921875,0.00015592575073242188,1.0251998901367188e-05,732,0.2610541582107544,0.12771810591220856,839,0.2610541582107544,0.14261220395565033,2.043987078779566,1.8305176623729709
semeval,formal_e10_ms256,5,ffn_out,output.dense,1024x4096,4194304,8.615358638053294e-06,0.034874722361564636,0.027312932536005974,3.13091778755188,0.09252297133207321,0.1268225461244583,0.19540515542030334,0.005882256908283748,0.03992843140176652,114.63133017388255,1.3707141512920167,0.004315614700317383,0.0005011558532714844,0.00014829635620117188,234,3.13091778755188,0.14163732528686523,1140,3.13091778755188,0.12238320708274841,22.10517447438854,25.582903587703296
semeval,formal_e10_ms256,6,attn_k,attention.self.key,1024x1024,1048576,3.329754690639675e-05,0.03579438477754593,0.028341874480247498,0.5891698598861694,0.09393760561943054,0.12414978444576263,0.16684216260910034,0.005111443703926569,0.03807187688453836,20.787963770596182,1.3216196391967951,0.0035905838012695312,0.0002593994140625,6.961822509765625e-05,501,0.5891698598861694,0.12709569931030273,136,0.5891698598861694,0.12485908716917038,4.635639624970454,4.718678257577751
semeval,formal_e10_ms256,6,attn_out,attention.output.dense,1024x1024,1048576,-2.2700314730172977e-06,0.026638014242053032,0.0210283063352108,0.28945034742355347,0.07088235020637512,0.09537451714277267,0.12367147207260132,0.005149393329886763,0.038893143031489656,13.764796023485923,1.345532658907164,0.004273414611816406,0.00037384033203125,6.198883056640625e-05,234,0.28945034742355347,0.09225595742464066,102,0.28945034742355347,0.09594046324491501,3.1374705276891324,3.0169788391020176
semeval,formal_e10_ms256,6,attn_q,attention.self.query,1024x1024,1048576,4.2603627662174404e-05,0.0365632101893425,0.028981558978557587,0.3472341001033783,0.09602382779121399,0.12617668509483337,0.16372446715831757,0.004939102235336733,0.037875936992507915,11.981208476751865,1.3140143232904773,0.0036706924438476562,0.00024318695068359375,5.435943603515625e-05,543,0.3472341001033783,0.1285959929227829,136,0.3472341001033783,0.1271616667509079,2.7001937790696124,2.730650745429138
semeval,formal_e10_ms256,6,attn_v,attention.self.value,1024x1024,1048576,4.128748332732357e-05,0.027572350576519966,0.021871868520975113,0.1426091194152832,0.07224542647600174,0.09365326911211014,0.11247852444648743,0.004668108085825093,0.03735630562654728,6.520207419796855,1.2963210777532,0.00341796875,0.0001316070556640625,4.76837158203125e-06,750,0.1426091194152832,0.09553200006484985,968,0.1426091194152832,0.09638059139251709,1.4927890059715703,1.4796456148987198
semeval,formal_e10_ms256,6,ffn_in,intermediate.dense,4096x1024,4194304,2.5790277504711412e-05,0.037082821130752563,0.029455319046974182,0.2861815094947815,0.09697653353214264,0.1255497932434082,0.15138918161392212,0.004650288702918684,0.037196100609951974,9.715783727835047,1.2946409679801045,0.0032901763916015625,0.00013136863708496094,6.198883056640625e-06,1696,0.2861815094947815,0.12741708755493164,15,0.2861815094947815,0.141684889793396,2.2460214323404926,2.019844952500507
semeval,formal_e10_ms256,6,ffn_out,output.dense,1024x4096,4194304,-4.1132931073661894e-05,0.03533316031098366,0.02766256406903267,3.6082699298858643,0.09356055408716202,0.1289106011390686,0.20868024230003357,0.006020208470499338,0.04001445739227186,130.43873738100814,1.3778306723042073,0.004248380661010742,0.0005261898040771484,0.0001773834228515625,234,3.6082699298858643,0.14270102977752686,689,3.6082699298858643,0.12771151959896088,25.28552131341458,28.253284756273647
semeval,formal_e10_ms256,7,attn_k,attention.self.key,1024x1024,1048576,2.22977323574014e-05,0.035049986094236374,0.02786153554916382,0.377993643283844,0.09099416434764862,0.11894045770168304,0.15290403366088867,0.004875309223168691,0.037233426112819,13.56686326985981,1.3071218198923609,0.003170013427734375,0.0001983642578125,5.626678466796875e-05,478,0.377993643283844,0.12148097157478333,234,0.377993643283844,0.12068695574998856,3.1115460996387587,3.132017382780656
semeval,formal_e10_ms256,7,attn_out,attention.output.dense,1024x1024,1048576,-1.4749033653060906e-05,0.02697373926639557,0.021352658048272133,0.25522056221961975,0.07127334177494049,0.09433043003082275,0.12036536633968353,0.004974329159935591,0.03817432009484612,11.952636605833357,1.3235022756290777,0.0038471221923828125,0.00026607513427734375,4.1961669921875e-05,466,0.25522056221961975,0.09245878458023071,136,0.25522056221961975,0.0959906056523323,2.7603711575740344,2.6588077081626227
semeval,formal_e10_ms256,7,attn_q,attention.self.query,1024x1024,1048576,-4.130874731345102e-05,0.035631075501441956,0.028323031961917877,0.3507874608039856,0.09272795915603638,0.12122441828250885,0.1523035317659378,0.004820833988510446,0.03727231485566177,12.385236908098035,1.3073124803547174,0.0032405853271484375,0.00018787384033203125,4.100799560546875e-05,191,0.3507874608039856,0.1245347186923027,234,0.3507874608039856,0.12252892553806305,2.8167844637020667,2.862895102226413
semeval,formal_e10_ms256,7,attn_v,attention.self.value,1024x1024,1048576,-2.1838044631294906e-05,0.027928832918405533,0.02217915467917919,0.13864274322986603,0.07286689430475235,0.094258613884449,0.11342187970876694,0.0046211092443125225,0.03714356920347386,6.251038203904935,1.293572544621289,0.003276824951171875,0.00012493133544921875,0.0,867,0.13864274322986603,0.09631954878568649,542,0.13864274322986603,0.09724351018667221,1.4394039940775651,1.4257274646269178
semeval,formal_e10_ms256,7,ffn_in,intermediate.dense,4096x1024,4194304,-4.746716876979917e-05,0.03693307191133499,0.029321283102035522,0.25672659277915955,0.09665600955486298,0.12557148933410645,0.15167120099067688,0.004679884698607728,0.03732787644113638,8.755639781716688,1.2991586339267476,0.0034089088439941406,0.00014090538024902344,1.0728836059570312e-05,985,0.25672659277915955,0.127430722117424,378,0.25672659277915955,0.14247764647006989,2.014636568900495,1.8018727789210767
semeval,formal_e10_ms256,7,ffn_out,output.dense,1024x4096,4194304,-5.7923898566514254e-05,0.03518218547105789,0.027510881423950195,2.8339340686798096,0.09291454404592514,0.12817993760108948,0.24058863520622253,0.006352754811137489,0.04032288927968654,103.01138756727245,1.3795465383517742,0.00418400764465332,0.0005548000335693359,0.0002219676971435547,234,2.8339340686798096,0.14195244014263153,176,2.8339340686798096,0.128065288066864,19.963968677342343,22.12882281731321
semeval,formal_e10_ms256,8,attn_k,attention.self.key,1024x1024,1048576,-2.0916333596687764e-05,0.035535313189029694,0.02816147170960903,0.4856931269168854,0.0929609090089798,0.12266411632299423,0.1705290973186493,0.005181806757357841,0.03800354436365981,17.24672389018508,1.3195236323597608,0.0035247802734375,0.00026988983154296875,8.7738037109375e-05,924,0.4856931269168854,0.125318706035614,234,0.4856931269168854,0.122719906270504,3.875663436700802,3.9577371078356407
semeval,formal_e10_ms256,8,attn_out,attention.output.dense,1024x1024,1048576,-1.1597629054449499e-05,0.02587479166686535,0.020468171685934067,0.5833609104156494,0.06824132800102234,0.09007038176059723,0.1140705943107605,0.005007567927781882,0.038219114525689234,28.500880262624573,1.3198802602324484,0.0038862228393554688,0.0002460479736328125,4.291534423828125e-05,466,0.5833609104156494,0.08932364732027054,57,0.5833609104156494,0.09152233600616455,6.530867557658108,6.373973129098855
semeval,formal_e10_ms256,8,attn_q,attention.self.query,1024x1024,1048576,1.839432297856547e-05,0.03607635200023651,0.02863962948322296,0.42043203115463257,0.09440244734287262,0.12310783565044403,0.1591072678565979,0.004893144290235867,0.03750559158479334,14.680079272705704,1.3040746200499713,0.003292083740234375,0.0002079010009765625,5.14984130859375e-05,504,0.42043203115463257,0.12677861750125885,234,0.42043203115463257,0.12467288225889206,3.3162692529791777,3.3722813136025502
semeval,formal_e10_ms256,8,attn_v,attention.self.value,1024x1024,1048576,1.0916237442870624e-05,0.02701040916144848,0.021433856338262558,0.1521020084619522,0.0707383006811142,0.09129265695810318,0.10869307070970535,0.004621291261290526,0.03726128887496139,7.096343563263879,1.2905689856708222,0.003360748291015625,0.00011157989501953125,3.814697265625e-06,17,0.1521020084619522,0.09294921159744263,464,0.1521020084619522,0.0936240702867508,1.6363991242948541,1.6246036729240227
semeval,formal_e10_ms256,8,ffn_in,intermediate.dense,4096x1024,4194304,-5.7437609939370304e-05,0.036236826330423355,0.028743013739585876,0.2785457968711853,0.09519968926906586,0.12371557950973511,0.1490965485572815,0.004698882211744088,0.037514933944593605,9.69090434965636,1.2995376398768896,0.003515481948852539,0.00015354156494140625,6.198883056640625e-06,3838,0.2785457968711853,0.125729039311409,772,0.2785457968711853,0.14153307676315308,2.2154452018143216,1.9680614824569567
semeval,formal_e10_ms256,8,ffn_out,output.dense,1024x4096,4194304,-2.3875334591139108e-05,0.0343153290450573,0.026908960193395615,2.3393678665161133,0.09145194292068481,0.1252845972776413,0.1838333010673523,0.005911327777438599,0.0400708585277765,86.93639032140211,1.3699500882807831,0.0044591426849365234,0.0004868507385253906,0.0001266002655029297,933,2.3393678665161133,0.1416691392660141,3838,2.3393678665161133,0.11955283582210541,16.512896729918364,19.567648483027973
semeval,formal_e10_ms256,9,attn_k,attention.self.key,1024x1024,1048576,-9.408252026332775e-07,0.037154968827962875,0.02921292744576931,0.32469531893730164,0.10055367648601532,0.1427651047706604,0.19136056303977966,0.005607390450172349,0.04066948863240393,11.114781958777117,1.419790004301988,0.00536346435546875,0.0007476806640625,0.00013446807861328125,649,0.32469531893730164,0.12308048456907272,772,0.32469531893730164,0.14125053584575653,2.638073128117096,2.298719201262812
semeval,formal_e10_ms256,9,attn_out,attention.output.dense,1024x1024,1048576,-3.3743745007086545e-06,0.024131616577506065,0.018995899707078934,0.48727795481681824,0.0645623505115509,0.08660019189119339,0.11303946375846863,0.005223586010908043,0.039206323873498705,25.651743920043504,1.3413419927407952,0.0044765472412109375,0.000385284423828125,6.29425048828125e-05,466,0.48727795481681824,0.08578240871429443,995,0.48727795481681824,0.08672164380550385,5.6803948748949065,5.618873598725452
semeval,formal_e10_ms256,9,attn_q,attention.self.query,1024x1024,1048576,0.00010077597107738256,0.03805266693234444,0.029905539005994797,0.2840176820755005,0.10305653512477875,0.14687976241111755,0.19669082760810852,0.00560710782668077,0.04071757352379702,9.497159774266798,1.425234821190898,0.005382537841796875,0.0007686614990234375,0.0001316070556640625,672,0.2840176820755005,0.12680743634700775,238,0.2840176820755005,0.14735351502895355,2.239755729295622,1.9274578011911947
semeval,formal_e10_ms256,9,attn_v,attention.self.value,1024x1024,1048576,-2.4745178961893544e-05,0.025533244013786316,0.020207693800330162,0.2548050880432129,0.06752309203147888,0.08849601447582245,0.10767340660095215,0.004809583114840063,0.037984703642933035,12.609310620049566,1.3106037033162834,0.003810882568359375,0.00020122528076171875,8.58306884765625e-06,12,0.2548050880432129,0.09053660929203033,234,0.2548050880432129,0.09104403853416443,2.814387351544461,2.7987015091339216
semeval,formal_e10_ms256,9,ffn_in,intermediate.dense,4096x1024,4194304,-7.317416748264804e-05,0.03604239597916603,0.028558926656842232,0.33407655358314514,0.09493757039308548,0.12408062070608139,0.15024198591709137,0.004777573320440423,0.03777399310495376,11.69779794588695,1.3069706775971852,0.003670930862426758,0.0001823902130126953,1.4543533325195312e-05,1185,0.33407655358314514,0.12560422718524933,374,0.33407655358314514,0.14167848229408264,2.6597556552808306,2.3579907701841485
semeval,formal_e10_ms256,9,ffn_out,output.dense,1024x4096,4194304,-1.233326747751562e-05,0.033322349190711975,0.026058092713356018,2.747281551361084,0.08981209248304367,0.12466615438461304,0.1785566657781601,0.005948695452525806,0.04075107460189658,105.42911108582291,1.3880776066780733,0.004983186721801758,0.0006046295166015625,0.0001380443572998047,933,2.747281551361084,0.1403789520263672,1185,2.747281551361084,0.11749299615621567,19.570466310683567,23.38251335176072
semeval,formal_e10_ms256,10,attn_k,attention.self.key,1024x1024,1048576,1.8086522686644457e-05,0.03741780295968056,0.029359199106693268,0.2954687178134918,0.10209821164608002,0.14380347728729248,0.18806898593902588,0.005544010633100919,0.04092641922713344,10.06392295442866,1.4084818428140773,0.0056304931640625,0.0007238388061523438,0.0001087188720703125,216,0.2954687178134918,0.1256003975868225,466,0.2954687178134918,0.14279291033744812,2.352450497692463,2.0692113993281622
semeval,formal_e10_ms256,10,attn_out,attention.output.dense,1024x1024,1048576,5.645327291858848e-06,0.024459755048155785,0.019125372171401978,0.40692827105522156,0.06679056584835052,0.0904068872332573,0.11744175851345062,0.005447717508528557,0.04057011147215154,21.276881171687645,1.3535876824060475,0.00537109375,0.0005168914794921875,7.62939453125e-05,466,0.40692827105522156,0.08677301555871964,600,0.40692827105522156,0.09005889296531677,4.689571618953955,4.518468500517063
semeval,formal_e10_ms256,10,attn_q,attention.self.query,1024x1024,1048576,1.3842660337104462e-05,0.0380561389029026,0.029816532507538795,0.2785143256187439,0.10430868715047836,0.14835764467716217,0.19512367248535156,0.005635404765440278,0.04135149402825365,9.340936124893949,1.4222942377094407,0.005873680114746094,0.0008058547973632812,0.00012111663818359375,188,0.2785143256187439,0.12553994357585907,213,0.2785143256187439,0.14849048852920532,2.218531550083485,1.875637479392933
semeval,formal_e10_ms256,10,attn_v,attention.self.value,1024x1024,1048576,1.1427774552430492e-05,0.025951078161597252,0.020447053015232086,0.16116735339164734,0.06940735876560211,0.09169109165668488,0.11292767524719238,0.004945450265649658,0.03885771045366911,7.8821800516478,1.321057209025024,0.004458427429199219,0.00028324127197265625,1.239776611328125e-05,339,0.16116735339164734,0.09036893397569656,234,0.16116735339164734,0.09504294395446777,1.7834375852545854,1.695731915341951
semeval,formal_e10_ms256,10,ffn_in,intermediate.dense,4096x1024,4194304,-4.703354352386668e-05,0.03577251359820366,0.028305720537900925,0.45492473244667053,0.09456175565719604,0.12431365251541138,0.1549796164035797,0.004892229362180205,0.038109626494700954,16.071830138983152,1.3146292774646813,0.003864765167236328,0.00022792816162109375,2.86102294921875e-05,834,0.45492473244667053,0.12404556572437286,933,0.45492473244667053,0.14355210959911346,3.667400199193783,3.1690564054899824
semeval,formal_e10_ms256,10,ffn_out,output.dense,1024x4096,4194304,3.627578507803264e-06,0.03313479200005531,0.02575402893126011,4.295158863067627,0.08978331089019775,0.12554526329040527,0.17692998051643372,0.006010624145080179,0.04130745388468551,166.77619158275408,1.3983140301424537,0.00525355339050293,0.0006802082061767578,0.00014400482177734375,933,4.295158863067627,0.1412612497806549,3017,4.295158863067627,0.11683887243270874,30.405782688012362,36.76138577545198
semeval,formal_e10_ms256,11,attn_k,attention.self.key,1024x1024,1048576,6.455182301579043e-05,0.03824488818645477,0.030284766107797623,0.3524877429008484,0.10087494552135468,0.1338076889514923,0.169810488820076,0.0049439645310507836,0.03816615756432895,11.639110622356466,1.3264709909872114,0.00389862060546875,0.00025177001953125,3.62396240234375e-05,225,0.3524877429008484,0.13172417879104614,933,0.3524877429008484,0.13534536957740784,2.675953239078447,2.604357607514978
semeval,formal_e10_ms256,11,attn_out,attention.output.dense,1024x1024,1048576,-1.8046723198494874e-05,0.02743454836308956,0.021471556276082993,0.38516125082969666,0.0747189149260521,0.10070481896400452,0.12836399674415588,0.0052963790291420815,0.040229994086291736,17.93820838495647,1.3477821387485376,0.005257606506347656,0.00044918060302734375,5.245208740234375e-05,466,0.38516125082969666,0.09529849886894226,4,0.38516125082969666,0.10273116827011108,4.041629778023928,3.749215134174198
semeval,formal_e10_ms256,11,attn_q,attention.self.query,1024x1024,1048576,-5.586907354881987e-05,0.03901677578687668,0.030902191996574402,0.2645265460014343,0.10310328006744385,0.13622108101844788,0.16931121051311493,0.00488349201210959,0.038132287006868035,8.560122402668323,1.3212099647008357,0.0038852691650390625,0.00025272369384765625,1.621246337890625e-05,808,0.2645265460014343,0.13355419039726257,108,0.2645265460014343,0.13990624248981476,1.980668260685711,1.8907415515836756
semeval,formal_e10_ms256,11,attn_v,attention.self.value,1024x1024,1048576,5.545824024011381e-06,0.029001420363783836,0.022891748696565628,0.1874340921640396,0.07707564532756805,0.10073041170835495,0.12098072469234467,0.004804677259132977,0.038276455290899514,8.187845089884274,1.3069032543322239,0.0040225982666015625,0.0001811981201171875,8.58306884765625e-06,39,0.1874340921640396,0.10269442945718765,437,0.1874340921640396,0.10295837372541428,1.825163187085811,1.8204841955246747
semeval,formal_e10_ms256,11,ffn_in,intermediate.dense,4096x1024,4194304,-3.6709854612126946e-05,0.03630184754729271,0.02870309352874756,0.5405774712562561,0.0961512103676796,0.12668630480766296,0.15730875730514526,0.004905623083856202,0.03823528591052376,18.83342193463716,1.3175736875616855,0.003958225250244141,0.00024080276489257812,2.4080276489257812e-05,2445,0.5405774712562561,0.12593147158622742,136,0.5405774712562561,0.14547111093997955,4.2926320517593055,3.7160469028059797
semeval,formal_e10_ms256,11,ffn_out,output.dense,1024x4096,4194304,1.6548621715628542e-05,0.033791497349739075,0.02626216597855091,5.5221357345581055,0.09210176765918732,0.12887944281101227,0.18115004897117615,0.005937747860847627,0.04147243253663473,210.26962281284025,1.3993156275557792,0.005464315414428711,0.0007016658782958984,0.0001456737518310547,933,5.5221357345581055,0.1449631005525589,2445,5.5221357345581055,0.12021744251251221,38.09338868656413,45.934563397348626
semeval,formal_e10_ms256,12,attn_k,attention.self.key,1024x1024,1048576,1.667877586442046e-05,0.037979040294885635,0.030063912272453308,0.3613640069961548,0.10037370771169662,0.13476179540157318,0.17275477945804596,0.0050735000679969075,0.038439720354587606,12.019859681644366,1.3426005522148234,0.004010200500488281,0.0003299713134765625,4.9591064453125e-05,953,0.3613640069961548,0.1315660923719406,933,0.3613640069961548,0.13719962537288666,2.7466347938233944,2.6338556392849117
semeval,formal_e10_ms256,12,attn_out,attention.output.dense,1024x1024,1048576,-3.960394678870216e-06,0.02815321646630764,0.02204369381070137,0.28973519802093506,0.07634696364402771,0.1016959697008133,0.13249583542346954,0.005256286974154975,0.039891734359317726,13.143677303314734,1.3320237616125357,0.0048999786376953125,0.00040435791015625,6.961822509765625e-05,466,0.28973519802093506,0.09793326258659363,833,0.28973519802093506,0.10490383952856064,2.9584963307512413,2.7619122362251867
semeval,formal_e10_ms256,12,attn_q,attention.self.query,1024x1024,1048576,2.2081418137531728e-05,0.038286250084638596,0.030291464179754257,0.25690969824790955,0.10161025077104568,0.13553038239479065,0.17091818153858185,0.004989936249301004,0.03843107540697967,8.481257185963923,1.333825882392278,0.004071235656738281,0.0003108978271484375,2.86102294921875e-05,866,0.25690969824790955,0.12985651195049286,933,0.25690969824790955,0.13916639983654022,1.9784121288107221,1.846061251492216
semeval,formal_e10_ms256,12,attn_v,attention.self.value,1024x1024,1048576,-2.80353724519955e-05,0.02944493480026722,0.023136895149946213,0.1858060508966446,0.07899191230535507,0.10477406531572342,0.1278546005487442,0.004967883286340986,0.03897599316702312,8.030725371423769,1.3263897816614891,0.004395484924316406,0.00027561187744140625,1.239776611328125e-05,858,0.1858060508966446,0.10548551380634308,725,0.1858060508966446,0.10761083662509918,1.761436657906971,1.7266481399449238
semeval,formal_e10_ms256,12,ffn_in,intermediate.dense,4096x1024,4194304,-9.47614353208337e-06,0.036056969314813614,0.028511017560958862,0.48341506719589233,0.09558495879173279,0.12582078576087952,0.1534254252910614,0.004849773022315143,0.038217839191843385,16.955377554038954,1.3163241094765408,0.003970623016357422,0.00021886825561523438,1.430511474609375e-05,2990,0.48341506719589233,0.12476928532123566,933,0.48341506719589233,0.14299827814102173,3.874471717548705,3.380565650721746
semeval,formal_e10_ms256,12,ffn_out,output.dense,1024x4096,4194304,2.183658943977207e-05,0.03372444584965706,0.026182256639003754,4.977874279022217,0.092274010181427,0.12919005751609802,0.17789576947689056,0.00591324634908909,0.04163576161107622,190.12395866621628,1.400069827485416,0.005640506744384766,0.0007190704345703125,0.0001437664031982422,933,4.977874279022217,0.1480899602174759,346,4.977874279022217,0.11893080919981003,33.61385384743175,41.855212392098714
semeval,formal_e10_ms256,13,attn_k,attention.self.key,1024x1024,1048576,1.5578548300254624e-06,0.03834662586450577,0.03041960299015045,0.31859850883483887,0.10070522874593735,0.1322087198495865,0.16864952445030212,0.00488050722075266,0.0377252600818056,10.473460450420662,1.3128287527465654,0.0035867691040039062,0.00021839141845703125,4.100799560546875e-05,739,0.31859850883483887,0.13562974333763123,933,0.31859850883483887,0.13298828899860382,2.3490312743697563,2.3956884567345904
semeval,formal_e10_ms256,13,attn_out,attention.output.dense,1024x1024,1048576,-4.47291995442356e-06,0.02841099724173546,0.022263307124376297,0.2794322371482849,0.0770823061466217,0.10238715261220932,0.12644821405410767,0.005110134588645811,0.03969849156102787,12.551245670160657,1.3282834638789107,0.004946708679199219,0.00034618377685546875,3.719329833984375e-05,466,0.2794322371482849,0.09871307760477066,878,0.2794322371482849,0.10418681800365448,2.830751952310525,2.6820306301943444
semeval,formal_e10_ms256,13,attn_q,attention.self.query,1024x1024,1048576,2.7362846594769508e-05,0.038301605731248856,0.030409345403313637,0.2625441253185272,0.10038897395133972,0.13036729395389557,0.1576823890209198,0.0046963060841449834,0.03743684954936309,8.633665797025621,1.2986216396343173,0.0035161972045898438,0.00015163421630859375,1.33514404296875e-05,276,0.2625441253185272,0.13163982331752777,933,0.2625441253185272,0.13341428339481354,1.9944126230346406,1.9678861860808345
semeval,formal_e10_ms256,13,attn_v,attention.self.value,1024x1024,1048576,-2.6647039703675546e-05,0.028844960033893585,0.02274129167199135,0.1870841234922409,0.07696160674095154,0.10101260244846344,0.12289009988307953,0.004873294622642483,0.038515651657799264,8.226626973992758,1.3125064136000462,0.004150390625,0.0002346038818359375,5.7220458984375e-06,599,0.1870841234922409,0.1006825864315033,567,0.1870841234922409,0.10297565162181854,1.8581577025687415,1.8167801858570751
semeval,formal_e10_ms256,13,ffn_in,intermediate.dense,4096x1024,4194304,3.717437357408926e-05,0.03511251136660576,0.027781516313552856,0.306257039308548,0.09299292415380478,0.12303854525089264,0.15475702285766602,0.004942127436660112,0.038243371410212265,11.023769755833824,1.323095777130249,0.0039441585540771484,0.00026035308837890625,3.600120544433594e-05,568,0.306257039308548,0.11904530972242355,981,0.306257039308548,0.144527867436409,2.57260903451504,2.1190172161316805
semeval,formal_e10_ms256,13,ffn_out,output.dense,1024x4096,4194304,7.877510142861865e-06,0.03366263955831528,0.026138341054320335,4.617459774017334,0.09176240861415863,0.12903283536434174,0.17928645014762878,0.005952936698291125,0.041553465548676095,176.65466084559054,1.4061622543812826,0.005495309829711914,0.0007257461547851562,0.00015163421630859375,933,4.617459774017334,0.15102547407150269,3381,4.617459774017334,0.11692256480455399,30.57404588467776,39.491605249472684
semeval,formal_e10_ms256,14,attn_k,attention.self.key,1024x1024,1048576,-4.076602272107266e-05,0.03734651580452919,0.029613342136144638,0.37204456329345703,0.0978623703122139,0.12849397957324982,0.1646212488412857,0.0048972488915964745,0.03770414136088705,12.563410154214141,1.3130070236732543,0.003505706787109375,0.0002307891845703125,3.814697265625e-05,718,0.37204456329345703,0.1314583271741867,933,0.37204456329345703,0.13046172261238098,2.830133102184432,2.8517526508434248
semeval,formal_e10_ms256,14,attn_out,attention.output.dense,1024x1024,1048576,1.1317799362586811e-05,0.02881876565515995,0.0226714089512825,0.2723110020160675,0.07737250626087189,0.10264068841934204,0.1289011836051941,0.005046314641662326,0.03908558392391481,12.011207711052432,1.3265783077166333,0.00447845458984375,0.000316619873046875,3.337860107421875e-05,18,0.2723110020160675,0.10067076981067657,566,0.2723110020160675,0.10529950261116028,2.7049659253443767,2.5860616172293898
semeval,formal_e10_ms256,14,attn_q,attention.self.query,1024x1024,1048576,-1.0392132026026957e-06,0.037568092346191406,0.02983262576162815,0.29326769709587097,0.0981857031583786,0.12842567265033722,0.15653663873672485,0.004734706199365158,0.03737681900197855,9.830435290516162,1.307987502449109,0.0033817291259765625,0.0001621246337890625,1.71661376953125e-05,907,0.29326769709587097,0.12969446182250977,933,0.29326769709587097,0.1305573284626007,2.2612198930839114,2.2462752612150765
semeval,formal_e10_ms256,14,attn_v,attention.self.value,1024x1024,1048576,-3.0535920814145356e-05,0.030072182416915894,0.02377353608608246,0.17250968515872955,0.07975476235151291,0.10445744544267654,0.1252690553665161,0.004782881665487506,0.03808296939981133,7.256374673674248,1.3097330160961234,0.0038995742797851562,0.00017452239990234375,7.62939453125e-06,955,0.17250968515872955,0.10610035061836243,236,0.17250968515872955,0.10778068751096725,1.625910604002037,1.6005621150002014
semeval,formal_e10_ms256,14,ffn_in,intermediate.dense,4096x1024,4194304,4.010290649603121e-05,0.03510128706693649,0.027799885720014572,0.24198460578918457,0.09267008304595947,0.12235817313194275,0.15215280652046204,0.0048611971899403346,0.03802010224489864,8.704518005085443,1.3203632619090193,0.0038268566131591797,0.0002415180206298828,1.7881393432617188e-05,2883,0.24198460578918457,0.11913072317838669,422,0.24198460578918457,0.14281532168388367,2.031252722497421,1.6943882696620491
semeval,formal_e10_ms256,14,ffn_out,output.dense,1024x4096,4194304,-7.180694865382975e-06,0.03369412571191788,0.02624768391251564,3.1577348709106445,0.0916115790605545,0.12806139886379242,0.1841278076171875,0.005993253622472593,0.04136445687074401,120.30527651260486,1.3978735022037432,0.0054132938385009766,0.0006837844848632812,0.00016641616821289062,933,3.1577348709106445,0.14852452278137207,968,3.1577348709106445,0.11869465559720993,21.260696966243255,26.603850485285633
semeval,formal_e10_ms256,15,attn_k,attention.self.key,1024x1024,1048576,-7.087346602929756e-07,0.03669024631381035,0.029057634994387627,0.35187801718711853,0.09611937403678894,0.12891390919685364,0.20393256843090057,0.005326341810607672,0.038334727332644924,12.109657831928939,1.3411854840785047,0.0036973953247070312,0.00038623809814453125,0.0001392364501953125,931,0.35187801718711853,0.131343275308609,466,0.35187801718711853,0.12751051783561707,2.6790714359782255,2.7595999385772214
semeval,formal_e10_ms256,15,attn_out,attention.output.dense,1024x1024,1048576,-3.133109203190543e-07,0.02824402041733265,0.022223040461540222,0.5378753542900085,0.07578111439943314,0.09995309263467789,0.12294071167707443,0.005035005559406898,0.03902441089124512,24.203499751569538,1.3189710052010737,0.004443168640136719,0.00028133392333984375,3.147125244140625e-05,18,0.5378753542900085,0.09804082661867142,443,0.5378753542900085,0.10261247307062149,5.4862384665734005,5.241812600304682
semeval,formal_e10_ms256,15,attn_q,attention.self.query,1024x1024,1048576,1.887328107841313e-05,0.03687337785959244,0.029254216700792313,0.3157164752483368,0.09673560410737991,0.1268489509820938,0.15812982618808746,0.004831813399185699,0.037674188726438705,10.792169842639677,1.3112953824249345,0.003551483154296875,0.00020599365234375,3.0517578125e-05,441,0.3157164752483368,0.12734103202819824,466,0.3157164752483368,0.1304219663143158,2.4792988577195207,2.420730833696088
semeval,formal_e10_ms256,15,attn_v,attention.self.value,1024x1024,1048576,-9.68446875049267e-06,0.029537562280893326,0.023340754210948944,0.14866706728935242,0.07831646502017975,0.10218121111392975,0.12250111997127533,0.004754104220726054,0.03805880441676831,6.369420025836782,1.3047219519880116,0.003902435302734375,0.0001659393310546875,1.9073486328125e-06,839,0.14866706728935242,0.10448998957872391,633,0.14866706728935242,0.10408013314008713,1.4227876554370313,1.4283904411349408
semeval,formal_e10_ms256,15,ffn_in,intermediate.dense,4096x1024,4194304,-8.530652849003673e-06,0.034669455140829086,0.027483303099870682,0.23629049956798553,0.09119728207588196,0.11916333436965942,0.14509010314941406,0.00474553991443977,0.0377101171088878,8.597601922495894,1.306654449093208,0.003674030303955078,0.00017714500427246094,8.106231689453125e-06,665,0.23629049956798553,0.11845318228006363,633,0.23629049956798553,0.13724911212921143,1.9948007729274373,1.721617691381004
semeval,formal_e10_ms256,15,ffn_out,output.dense,1024x4096,4194304,-9.033621608978137e-06,0.0331394262611866,0.025920014828443527,2.648373603820801,0.08936901390552521,0.12334255874156952,0.17256508767604828,0.0057638003548078276,0.040547204337948596,102.174849102115,1.3801490399341187,0.0050165653228759766,0.0005576610565185547,0.0001220703125,18,2.648373603820801,0.1415199488401413,31,2.648373603820801,0.11656953394412994,18.713782936795447,22.719260463802893
semeval,formal_e10_ms256,16,attn_k,attention.self.key,1024x1024,1048576,8.285907824756578e-06,0.03789491578936577,0.030078956857323647,0.3260117769241333,0.09904826432466507,0.1311878263950348,0.17467644810676575,0.0049814104059834104,0.037768367522540924,10.838533346436703,1.3244838492577835,0.0035982131958007812,0.0002765655517578125,7.152557373046875e-05,352,0.3260117769241333,0.13412071764469147,933,0.3260117769241333,0.13087183237075806,2.4307339138148203,2.4910767352943184
semeval,formal_e10_ms256,16,attn_out,attention.output.dense,1024x1024,1048576,1.8859609554056078e-06,0.02791881375014782,0.022026896476745605,0.35051414370536804,0.07450418919324875,0.09781914949417114,0.12068548053503036,0.004941931461194358,0.03856294025250304,15.913006359085374,1.3129348906871279,0.0041484832763671875,0.00024127960205078125,2.47955322265625e-05,18,0.35051414370536804,0.09664037823677063,280,0.35051414370536804,0.10076510906219482,3.626994741748653,3.4785269124159006
semeval,formal_e10_ms256,16,attn_q,attention.self.query,1024x1024,1048576,-4.618780440068804e-05,0.03778788074851036,0.030022967606782913,0.24243587255477905,0.09866923093795776,0.1284075677394867,0.15607225894927979,0.00468585456499623,0.03721473387838961,8.07501362723407,1.3013942291718894,0.0033216476440429688,0.00015926361083984375,1.1444091796875e-05,523,0.24243587255477905,0.13209044933319092,933,0.24243587255477905,0.1317058950662613,1.8353777565193063,1.8407366840551023
semeval,formal_e10_ms256,16,attn_v,attention.self.value,1024x1024,1048576,3.2344378269044682e-06,0.028995854780077934,0.022952767089009285,0.1597437560558319,0.07662758231163025,0.10026262700557709,0.12039590626955032,0.004773146368081016,0.03792471101846166,6.959673116376617,1.3084404333393616,0.00382232666015625,0.000186920166015625,2.86102294921875e-06,697,0.1597437560558319,0.10088607668876648,228,0.1597437560558319,0.10320141166448593,1.5834073570790284,1.5478834395712393
semeval,formal_e10_ms256,16,ffn_in,intermediate.dense,4096x1024,4194304,2.3119282559491694e-05,0.03423567861318588,0.027159132063388824,0.22657650709152222,0.0899096131324768,0.11765800416469574,0.14374792575836182,0.004749452204685182,0.037596813835424146,8.342553309976827,1.3086254079564688,0.0035767555236816406,0.0001766681671142578,1.2874603271484375e-05,3194,0.22657650709152222,0.11691613495349884,194,0.22657650709152222,0.13461290299892426,1.937940449208646,1.6831707959922153
semeval,formal_e10_ms256,16,ffn_out,output.dense,1024x4096,4194304,6.58998942526523e-07,0.03271585702896118,0.025618530809879303,1.2595657110214233,0.08834021538496017,0.12368276715278625,0.18539202213287354,0.005932540341085736,0.040799625726451454,49.166196155780156,1.4000731899261716,0.005075931549072266,0.0006678104400634766,0.00017786026000976562,18,1.2595657110214233,0.14897993206977844,1644,1.2595657110214233,0.11548548936843872,8.45459984792767,10.906701074824841
semeval,formal_e10_ms256,17,attn_k,attention.self.key,1024x1024,1048576,-1.8766244465950876e-05,0.04047256335616112,0.032150350511074066,0.35407090187072754,0.1055142730474472,0.13806912302970886,0.18122431635856628,0.004890210359577553,0.03745147616060357,11.012971748123528,1.308535035517162,0.0033464431762695312,0.0002288818359375,6.008148193359375e-05,6,0.35407090187072754,0.14193913340568542,18,0.35407090187072754,0.13830825686454773,2.494526304164015,2.560012756270127
semeval,formal_e10_ms256,17,attn_out,attention.output.dense,1024x1024,1048576,-3.8038585898902966e-06,0.026664160192012787,0.021054647862911224,0.1541890949010849,0.07096531987190247,0.09294189512729645,0.11270099133253098,0.004809620083923498,0.0382655738936207,7.323280631669761,1.309680493162904,0.004021644592285156,0.0001964569091796875,4.76837158203125e-06,18,0.1541890949010849,0.0929296612739563,897,0.1541890949010849,0.09449907392263412,1.6592021620151614,1.6316466236200227
semeval,formal_e10_ms256,17,attn_q,attention.self.query,1024x1024,1048576,3.694537372211926e-05,0.040528129786252975,0.03223460540175438,0.21878764033317566,0.105502650141716,0.1365974098443985,0.16321736574172974,0.0045984980697536355,0.03696313876335952,6.787352834208049,1.2947296552353385,0.0031299591064453125,0.0001049041748046875,5.7220458984375e-06,113,0.21878764033317566,0.13856856524944305,933,0.21878764033317566,0.14006027579307556,1.5789125039963205,1.5620963124220286
semeval,formal_e10_ms256,17,attn_v,attention.self.value,1024x1024,1048576,-2.454380228300579e-05,0.027514919638633728,0.02179795503616333,0.17521139979362488,0.07258016616106033,0.09445764124393463,0.11351792514324188,0.004729789095782952,0.037715384277526666,8.037974181658095,1.3014249793025645,0.0036783218383789062,0.0001544952392578125,8.58306884765625e-06,267,0.17521139979362488,0.09537661075592041,633,0.17521139979362488,0.0971279963850975,1.8370478716423544,1.8039227237730586
semeval,formal_e10_ms256,17,ffn_in,intermediate.dense,4096x1024,4194304,5.7014214689843357e-05,0.03321890905499458,0.0263033676892519,0.5684526562690735,0.08654722571372986,0.11548880487680435,0.21428626775741577,0.005656004689440855,0.038419909396393996,21.61140212100502,1.3344021593344175,0.0034608840942382812,0.00039958953857421875,0.0002014636993408203,2690,0.5684526562690735,0.11220964789390564,834,0.5684526562690735,0.14155170321464539,5.065987345460225,4.01586588758375
semeval,formal_e10_ms256,17,ffn_out,output.dense,1024x4096,4194304,-9.204037269228138e-06,0.03204275295138359,0.025036271661520004,4.458637237548828,0.08457383513450623,0.11456242948770523,0.15984615683555603,0.005671824086286346,0.039511338829748374,178.08710888856584,1.3545847756047145,0.004052162170410156,0.0004050731658935547,9.894371032714844e-05,314,4.458637237548828,0.13345761597156525,2690,4.458637237548828,0.11085186153650284,33.40863842868881,40.22158199012857
semeval,formal_e10_ms256,18,attn_k,attention.self.key,1024x1024,1048576,2.3301243345486e-05,0.039154376834630966,0.031116614118218422,0.3222920596599579,0.10219302028417587,0.1335175335407257,0.1676533967256546,0.004782920818342107,0.03733916326286896,10.357555562938307,1.3065230205491862,0.00335693359375,0.00019073486328125,3.4332275390625e-05,116,0.3222920596599579,0.13649286329746246,314,0.3222920596599579,0.1346222460269928,2.3612374440235633,2.394047560277191
semeval,formal_e10_ms256,18,attn_out,attention.output.dense,1024x1024,1048576,-6.131127520347945e-06,0.027052653953433037,0.021418435499072075,0.1487482637166977,0.07144171744585037,0.09316077828407288,0.11310705542564392,0.004764903567699965,0.037858046745198576,6.944870633671727,1.3040109002794422,0.0037488937377929688,0.00018787384033203125,5.7220458984375e-06,677,0.1487482637166977,0.09440307319164276,235,0.1487482637166977,0.09406627714633942,1.5756718366014588,1.5813133912516726
semeval,formal_e10_ms256,18,attn_q,attention.self.query,1024x1024,1048576,2.614677941892296e-05,0.03898206725716591,0.031001627445220947,0.28397810459136963,0.10162900388240814,0.1313907355070114,0.15867474675178528,0.004648566657896672,0.03706379140623047,9.16010312984863,1.29284683001557,0.0032339096069335938,0.0001239776611328125,1.71661376953125e-05,913,0.28397810459136963,0.13432346284389496,314,0.28397810459136963,0.1334766149520874,2.1141362691147783,2.127549493919261
semeval,formal_e10_ms256,18,attn_v,attention.self.value,1024x1024,1048576,5.236717697698623e-05,0.028985224664211273,0.02295609563589096,0.19008219242095947,0.07635776698589325,0.09962795674800873,0.12125339359045029,0.004760101748372748,0.03776358913493979,8.280249195502277,1.3047520989765788,0.0036630630493164062,0.00016498565673828125,1.049041748046875e-05,552,0.19008219242095947,0.09923584759235382,633,0.19008219242095947,0.10271504521369934,1.9154589498926737,1.8505778975756881
semeval,formal_e10_ms256,18,ffn_in,intermediate.dense,4096x1024,4194304,7.983251998666674e-05,0.032754722982645035,0.025930576026439667,1.1510086059570312,0.08487297594547272,0.11188192665576935,0.21188396215438843,0.0056418693861495835,0.03812207320514099,44.388084737625,1.3182279213073516,0.0031838417053222656,0.0003154277801513672,0.00016736984252929688,3874,1.1510086059570312,0.11079750210046768,929,1.1510086059570312,0.15009887516498566,10.388398512029026,7.668335986474688
semeval,formal_e10_ms256,18,ffn_out,output.dense,1024x4096,4194304,-1.087222608475713e-05,0.032243307679891586,0.025206860154867172,5.446828365325928,0.08442451804876328,0.11327728629112244,0.15239810943603516,0.005423995987904969,0.03889276115934361,216.085158241107,1.3417581634957503,0.003751039505004883,0.00032067298889160156,7.653236389160156e-05,314,5.446828365325928,0.13009922206401825,3874,5.446828365325928,0.11085473746061325,41.86672509575571,49.13482716299057
semeval,formal_e10_ms256,19,attn_k,attention.self.key,1024x1024,1048576,-3.38717145496048e-05,0.03789355233311653,0.030148906633257866,0.2963067889213562,0.09843124449253082,0.12810228765010834,0.1626756489276886,0.00475722690824722,0.037070141203507635,9.828110602010828,1.3014392768327645,0.0031719207763671875,0.000186920166015625,3.62396240234375e-05,832,0.2963067889213562,0.13094837963581085,91,0.2963067889213562,0.1294490396976471,2.2627755283832798,2.2889840636395387
semeval,formal_e10_ms256,19,attn_out,attention.output.dense,1024x1024,1048576,1.0146905879082624e-05,0.028703071177005768,0.02279476821422577,0.17457188665866852,0.07495152950286865,0.09776093065738678,0.1177399680018425,0.004672268500045923,0.03727413921140384,7.658419029228015,1.3043220239240767,0.003406524658203125,0.000133514404296875,7.62939453125e-06,143,0.17457188665866852,0.10009594261646271,548,0.17457188665866852,0.09954600036144257,1.7440455836214566,1.7536805700361011
semeval,formal_e10_ms256,19,attn_q,attention.self.query,1024x1024,1048576,1.7920912796398625e-05,0.03777794912457466,0.03003280609846115,0.32802942395210266,0.09826010465621948,0.12984570860862732,0.18200558423995972,0.004998202088194178,0.03748527791939091,10.922370120083801,1.3214489142151407,0.0032634735107421875,0.00029468536376953125,8.0108642578125e-05,358,0.32802942395210266,0.13451515138149261,314,0.32802942395210266,0.12873589992523193,2.4386057673294554,2.5480804044762784
semeval,formal_e10_ms256,19,attn_v,attention.self.value,1024x1024,1048576,-5.188553586776834e-06,0.029997190460562706,0.023739153519272804,0.1635780930519104,0.07929237186908722,0.10346993803977966,0.12522180378437042,0.004763177193537065,0.03792634537167569,6.890645570791239,1.304916672320131,0.0038042068481445312,0.00018405914306640625,5.7220458984375e-06,541,0.1635780930519104,0.10423250496387482,66,0.1635780930519104,0.10617377609014511,1.5693577843936855,1.5406637973676955
semeval,formal_e10_ms256,19,ffn_in,intermediate.dense,4096x1024,4194304,4.23671372118406e-05,0.032339368015527725,0.02575543150305748,0.4645775854587555,0.08374273031949997,0.10787194967269897,0.1315086930990219,0.004627574459899813,0.03672372011193475,18.038043175615385,1.2881350925762731,0.0029473304748535156,0.00012183189392089844,1.9550323486328125e-05,4021,0.4645775854587555,0.10952964425086975,929,0.4645775854587555,0.12546415627002716,4.241569381844006,3.7028709973458853
semeval,formal_e10_ms256,19,ffn_out,output.dense,1024x4096,4194304,-1.321383115282515e-05,0.0324612557888031,0.025378581136465073,5.368412971496582,0.08419452607631683,0.1153029277920723,0.20741885900497437,0.00619056282532975,0.039420569375961376,211.53321939590262,1.3694824730951953,0.0035042762756347656,0.00048804283142089844,0.00021648406982421875,314,5.368412971496582,0.13330505788326263,4021,5.368412971496582,0.11557861417531967,40.271637526295414,46.44815141452819
semeval,formal_e10_ms256,20,attn_k,attention.self.key,1024x1024,1048576,-4.33740342486999e-06,0.03766262158751488,0.029861491173505783,0.3732212483882904,0.09846819192171097,0.12944169342517853,0.19147086143493652,0.00511424912966544,0.03791175828664166,12.498412963362863,1.3145533689507942,0.0035190582275390625,0.0003032684326171875,0.000102996826171875,319,0.3732212483882904,0.13259029388427734,143,0.3732212483882904,0.1294582188129425,2.814845924649898,2.8829475008270222
semeval,formal_e10_ms256,20,attn_out,attention.output.dense,1024x1024,1048576,-2.7132364266435616e-06,0.030321961268782616,0.024120043963193893,0.2200082689523697,0.07877412438392639,0.10227618366479874,0.12331646680831909,0.004619327538640936,0.03698111295161533,9.121387559993359,1.2983474518400089,0.0031986236572265625,0.0001239776611328125,1.1444091796875e-05,143,0.2200082689523697,0.10497978329658508,173,0.2200082689523697,0.10387981683015823,2.095720357231166,2.117911598863132
semeval,formal_e10_ms256,20,attn_q,attention.self.query,1024x1024,1048576,2.547317671997007e-05,0.03749232366681099,0.029734697192907333,0.4348126947879791,0.0978819727897644,0.1303849071264267,0.2035244107246399,0.005277368074237705,0.038047490762476405,14.623074584115681,1.3320625178496723,0.0034971237182617188,0.00036716461181640625,0.00014495849609375,302,0.4348126947879791,0.13402441143989563,91,0.4348126947879791,0.12849372625350952,3.244279830193282,3.3839215926396498
semeval,formal_e10_ms256,20,attn_v,attention.self.value,1024x1024,1048576,4.9150803533848375e-06,0.03197116404771805,0.02521607093513012,0.22243674099445343,0.08529280126094818,0.11492545902729034,0.14915543794631958,0.0051202283979457485,0.038959148567619124,8.821229190173423,1.3474227288617575,0.004378318786621094,0.0003833770751953125,4.9591064453125e-05,584,0.22243674099445343,0.11212296783924103,148,0.22243674099445343,0.11330599337816238,1.9838641919769497,1.963150706883295
semeval,formal_e10_ms256,20,ffn_in,intermediate.dense,4096x1024,4194304,1.2387539754854515e-05,0.032549623399972916,0.02591313235461712,0.47843313217163086,0.08409161865711212,0.10868793725967407,0.1422235071659088,0.004848433263439272,0.036901545729527016,18.462960232840597,1.2924942936686081,0.0028829574584960938,0.00016641616821289062,6.866455078125e-05,318,0.47843313217163086,0.11022599041461945,370,0.47843313217163086,0.1330266296863556,4.340474786136968,3.5965214882137486
semeval,formal_e10_ms256,20,ffn_out,output.dense,1024x4096,4194304,-2.9168879336793907e-05,0.033619966357946396,0.025749538093805313,5.018165111541748,0.0855562835931778,0.12931214272975922,0.31790101528167725,0.008593585094173411,0.04236201693149495,194.8836943505791,1.5114277677679595,0.0033941268920898438,0.0008859634399414062,0.0005390644073486328,314,5.018165111541748,0.1287839412689209,318,5.018165111541748,0.13117769360542297,38.96576748698069,38.254713691156816
semeval,formal_e10_ms256,21,attn_k,attention.self.key,1024x1024,1048576,-5.779791536042467e-06,0.038414761424064636,0.030578594654798508,0.33244892954826355,0.09962356090545654,0.129236102104187,0.15721960365772247,0.004637307005134632,0.036838001906344724,10.871949260627463,1.2972443559494222,0.0030717849731445312,0.00012874603271484375,1.430511474609375e-05,756,0.33244892954826355,0.13209296762943268,18,0.33244892954826355,0.13172698020935059,2.5167799279133463,2.5237724953529663
semeval,formal_e10_ms256,21,attn_out,attention.output.dense,1024x1024,1048576,-5.885480277356692e-06,0.030807798728346825,0.024499842897057533,0.19866685569286346,0.08011332154273987,0.10378217697143555,0.1249784529209137,0.004638270970876939,0.036955929267079406,8.108903250017315,1.2954421932945137,0.0030670166015625,0.00012302398681640625,1.049041748046875e-05,929,0.19866685569286346,0.10670723021030426,826,0.19866685569286346,0.105244480073452,1.8617937631903696,1.8876700759432734
semeval,formal_e10_ms256,21,attn_q,attention.self.query,1024x1024,1048576,-3.199969796696678e-05,0.038553427904844284,0.030655084177851677,0.31874170899391174,0.10023272037506104,0.130645290017128,0.17755623161792755,0.00487570751307752,0.03725920341955312,10.3976784778886,1.3034195772425021,0.0032100677490234375,0.00023937225341796875,6.198883056640625e-05,503,0.31874170899391174,0.13479013741016388,314,0.31874170899391174,0.1313704550266266,2.3647257515880904,2.4262815328553757
semeval,formal_e10_ms256,21,attn_v,attention.self.value,1024x1024,1048576,7.93289473222103e-07,0.031185146421194077,0.024645347148180008,0.20550164580345154,0.08289362490177155,0.1103939563035965,0.13992534577846527,0.005005197874445352,0.038560833553139245,8.338354682848413,1.3317544797252223,0.004143714904785156,0.000308990478515625,3.719329833984375e-05,414,0.20550164580345154,0.1095019280910492,886,0.20550164580345154,0.11005577445030212,1.8766943138442278,1.867250008733071
semeval,formal_e10_ms256,21,ffn_in,intermediate.dense,4096x1024,4194304,4.417883246787824e-06,0.03310466185212135,0.02620108053088188,1.4005887508392334,0.08497671782970428,0.11042225360870361,0.24550506472587585,0.005759423293926506,0.03782886505322751,53.45538132247754,1.2994412637823092,0.002784252166748047,0.00023055076599121094,0.00014543533325195312,698,1.4005887508392334,0.11158066242933273,143,1.4005887508392334,0.2020704299211502,12.552253413321209,6.931191027731056
semeval,formal_e10_ms256,21,ffn_out,output.dense,1024x4096,4194304,-1.0132877832802478e-05,0.03325455263257027,0.02543114311993122,5.689544200897217,0.08393926918506622,0.12139485776424408,0.3066801130771637,0.00816119582431014,0.04144681196940712,223.7234942238257,1.4462224765931324,0.0030417442321777344,0.0007200241088867188,0.00042319297790527344,314,5.689544200897217,0.126176655292511,698,5.689544200897217,0.12188390642404556,45.09189269367889,46.680028297606064
semeval,formal_e10_ms256,22,attn_k,attention.self.key,1024x1024,1048576,2.077312092296779e-05,0.03897407650947571,0.03105613961815834,0.21466590464115143,0.10067015886306763,0.12946505844593048,0.1548277586698532,0.004533109259336785,0.03653464557781504,6.912188935280209,1.286032126183787,0.0029191970825195312,9.059906005859375e-05,4.76837158203125e-06,93,0.21466590464115143,0.13361050188541412,235,0.21466590464115143,0.1325635462999344,1.6066544291948797,1.6193434064856311
semeval,formal_e10_ms256,22,attn_out,attention.output.dense,1024x1024,1048576,1.1499107131385244e-05,0.03126505762338638,0.024899309501051903,0.25963470339775085,0.08106578886508942,0.10408617556095123,0.1256667971611023,0.004565429130464705,0.03668813490188862,10.42738568259422,1.2839716607726177,0.0029916763305664062,0.00010585784912109375,6.67572021484375e-06,929,0.25963470339775085,0.10694017261266708,65,0.25963470339775085,0.10754610598087311,2.427850049748256,2.4141711225130407
semeval,formal_e10_ms256,22,attn_q,attention.self.query,1024x1024,1048576,-1.5933554095681757e-05,0.039296627044677734,0.0312203262001276,0.37176477909088135,0.10197848826646805,0.13585810363292694,0.217262402176857,0.005307697358824219,0.03775766595460909,11.90778010158529,1.3322231574754475,0.0032520294189453125,0.00039005279541015625,0.000152587890625,603,0.37176477909088135,0.1386210173368454,314,0.37176477909088135,0.1329021006822586,2.681878882676952,2.7972829412207254
semeval,formal_e10_ms256,22,attn_v,attention.self.value,1024x1024,1048576,1.6820840755826794e-06,0.03120896779000759,0.024731988087296486,0.2161223292350769,0.08188123255968094,0.10791211575269699,0.1337120085954666,0.00482201290435186,0.03771157360528427,8.73857485585995,1.3179102509728693,0.0035333633422851562,0.0002002716064453125,2.574920654296875e-05,143,0.2161223292350769,0.10908688604831696,983,0.2161223292350769,0.10887132585048676,1.9811944135920392,1.9851170870452906
semeval,formal_e10_ms256,22,ffn_in,intermediate.dense,4096x1024,4194304,3.981440022471361e-05,0.033412396907806396,0.026519794017076492,0.9298643469810486,0.08592299371957779,0.11135318875312805,0.22158540785312653,0.005440122670569262,0.03745523067409876,35.063030519101886,1.2959649557433417,0.0028090476989746094,0.0002124309539794922,0.00013327598571777344,3158,0.9298643469810486,0.11250188201665878,929,0.9298643469810486,0.18159650266170502,8.265322591166594,5.120496999401398
semeval,formal_e10_ms256,22,ffn_out,output.dense,1024x4096,4194304,2.5414883566554636e-06,0.03371026739478111,0.02525259181857109,6.950843811035156,0.08347348123788834,0.18484163284301758,0.5012120008468628,0.013112361728466455,0.047809451706826586,275.25268934666,2.2143755130595726,0.0031828880310058594,0.0014150142669677734,0.0011162757873535156,314,6.950843811035156,0.12188182026147842,3158,6.950843811035156,0.21490927040576935,57.02937317577967,32.34315484814264
semeval,formal_e10_ms256,23,attn_k,attention.self.key,1024x1024,1048576,-1.5495281331823207e-05,0.03993408381938934,0.03180888667702675,0.3156348168849945,0.10322794318199158,0.1336170732975006,0.16135846078395844,0.004591899766039833,0.036631708933971045,9.922850179882424,1.2943886042748405,0.002964019775390625,0.0001201629638671875,1.33514404296875e-05,53,0.3156348168849945,0.13699379563331604,314,0.3156348168849945,0.1366598755121231,2.304008115300618,2.3096378194563374
semeval,formal_e10_ms256,23,attn_out,attention.output.dense,1024x1024,1048576,-3.463956090854481e-06,0.03320613130927086,0.026472382247447968,0.32098543643951416,0.08573218435049057,0.11040005832910538,0.13421088457107544,0.004562433393736616,0.036516945467192675,12.125294710507525,1.2877317796752679,0.0028562545776367188,0.00011444091796875,2.86102294921875e-06,929,0.32098543643951416,0.11349332332611084,914,0.32098543643951416,0.1135556772351265,2.8282318909386155,2.826678896686839
semeval,formal_e10_ms256,23,attn_q,attention.self.query,1024x1024,1048576,1.311124833591748e-05,0.04048306122422218,0.032221317291259766,0.27941519021987915,0.1049998551607132,0.13699573278427124,0.16921120882034302,0.004677975795042953,0.03699069909232423,8.671749441344916,1.3047230643755177,0.003215789794921875,0.000156402587890625,1.33514404296875e-05,973,0.27941519021987915,0.1412070393562317,314,0.27941519021987915,0.1383747011423111,1.9787624717134764,2.019264995069549
semeval,formal_e10_ms256,23,attn_v,attention.self.value,1024x1024,1048576,1.4332043974718545e-05,0.03302592411637306,0.026193255558609962,0.224877268075943,0.08626539260149002,0.11324721574783325,0.14543023705482483,0.004854824447780844,0.03754484832848909,8.585311878195446,1.3127769124171027,0.0034046173095703125,0.00022983551025390625,3.910064697265625e-05,378,0.224877268075943,0.1144808828830719,580,0.224877268075943,0.11434340476989746,1.9643215741586075,1.9666833301709166
semeval,formal_e10_ms256,23,ffn_in,intermediate.dense,4096x1024,4194304,-2.753388980636373e-05,0.03408952057361603,0.02716033160686493,0.3459091782569885,0.0882725864648819,0.11339299380779266,0.13562509417533875,0.004544747668841646,0.03660117324637804,12.735823084338117,1.2845776740993604,0.002915620803833008,9.107589721679688e-05,6.9141387939453125e-06,2999,0.3459091782569885,0.11629553139209747,314,0.3459091782569885,0.12979356944561005,2.9743978475899873,2.665071773081498
semeval,formal_e10_ms256,23,ffn_out,output.dense,1024x4096,4194304,-4.869753411185229e-06,0.029880188405513763,0.023747488856315613,1.3004435300827026,0.07737153023481369,0.10056331753730774,0.12701968848705292,0.004891151782335959,0.03711963411270987,54.761307098659884,1.2997457492712066,0.003040790557861328,0.00017261505126953125,4.1484832763671875e-05,498,1.3004435300827026,0.11797693371772766,2695,1.3004435300827026,0.10169749706983566,11.02286259782062,12.78737006860344
