task,run_name,layer,module,capture_point,sample_count,count,mean,std,abs_mean,abs_std,max_abs,max_abs_over_abs_mean,ratio_abs_gt_1p0,ratio_abs_gt_2p0,ratio_abs_gt_3p0,ratio_abs_gt_4p0,ratio_abs_gt_6p0,ratio_abs_gt_8p0,ratio_abs_gt_10p0
ner,formal_e3_ms256_tner,0,attn_k_input,linear_input,512,104857600,-0.04673495792550966,0.48564696922013023,0.3824260777235031,0.3029644039850464,5.879047393798828,15.373029550692468,0.044303064346313474,0.00040625572204589845,1.2006759643554687e-05,6.322860717773437e-06,0.0,0.0,0.0
ner,formal_e3_ms256_tner,0,attn_out_input,linear_input,512,104857600,-0.003119213105455856,0.15082804339273598,0.10835161197930575,0.10497026410162195,6.2218146324157715,57.422446410894985,0.0004746627807617188,1.3990402221679687e-05,4.940032958984375e-06,4.854202270507812e-06,2.47955322265625e-07,0.0,0.0
ner,formal_e3_ms256_tner,0,attn_q_input,linear_input,512,104857600,-0.04673495792550966,0.48564696922013023,0.3824260777235031,0.3029644039850464,5.879047393798828,15.373029550692468,0.044303064346313474,0.00040625572204589845,1.2006759643554687e-05,6.322860717773437e-06,0.0,0.0,0.0
ner,formal_e3_ms256_tner,0,attn_v_input,linear_input,512,104857600,-0.04673495792550966,0.48564696922013023,0.3824260777235031,0.3029644039850464,5.879047393798828,15.373029550692468,0.044303064346313474,0.00040625572204589845,1.2006759643554687e-05,6.322860717773437e-06,0.0,0.0,0.0
ner,formal_e3_ms256_tner,0,ffn_in_input,linear_input,512,104857600,-0.006412674197636079,1.221275422505523,0.8315500804781913,0.8944714884573584,113.27572631835938,136.22237430753302,0.31985299110412596,0.05636314392089844,0.011284646987915039,0.0030122947692871093,0.0007868576049804688,0.0004986763000488281,0.0003188991546630859
ner,formal_e3_ms256_tner,0,ffn_out_input,linear_input,512,419430400,0.022759058505762368,0.3097188619248578,0.06489863231778145,0.30369707884564723,15.182697296142578,233.94479596733657,0.014720122814178466,0.0046387982368469236,0.002119579315185547,0.0010219311714172363,0.00034538984298706056,0.0001521873474121094,5.905628204345703e-06
ner,formal_e3_ms256_tner,0,gelu_input,intermediate_dense_output,512,419430400,-3.6968498051166536,2.210390958159035,3.7960620284080506,2.0352984415020843,23.284950256347656,6.133975177985338,0.9029507160186767,0.787617745399475,0.6350788450241089,0.4563246965408325,0.14731200456619262,0.019471867084503172,0.0022302818298339843
ner,formal_e3_ms256_tner,1,attn_k_input,linear_input,512,104857600,0.03067680181004107,0.6661719658158025,0.4959773318469524,0.4457943926320309,12.448956489562988,25.099849711285717,0.11019567489624023,0.007823524475097656,0.001806020736694336,0.0012287425994873047,0.00019484519958496094,8.490562438964844e-05,5.4178237915039065e-05
ner,formal_e3_ms256_tner,1,attn_out_input,linear_input,512,104857600,0.0036820586882276986,0.15971230951305465,0.09285281283780933,0.12999974813161783,3.7500758171081543,40.387315176532134,0.0027084636688232424,0.00042188644409179687,2.3984909057617186e-05,0.0,0.0,0.0,0.0
ner,formal_e3_ms256_tner,1,attn_q_input,linear_input,512,104857600,0.03067680181004107,0.6661719658158025,0.4959773318469524,0.4457943926320309,12.448956489562988,25.099849711285717,0.11019567489624023,0.007823524475097656,0.001806020736694336,0.0012287425994873047,0.00019484519958496094,8.490562438964844e-05,5.4178237915039065e-05
ner,formal_e3_ms256_tner,1,attn_v_input,linear_input,512,104857600,0.03067680181004107,0.6661719658158025,0.4959773318469524,0.4457943926320309,12.448956489562988,25.099849711285717,0.11019567489624023,0.007823524475097656,0.001806020736694336,0.0012287425994873047,0.00019484519958496094,8.490562438964844e-05,5.4178237915039065e-05
ner,formal_e3_ms256_tner,1,ffn_in_input,linear_input,512,104857600,0.020323538261000067,1.5405094324790087,0.7952273485064506,1.3195437931162588,93.41046142578125,117.46384427197997,0.2819682693481445,0.04523945808410645,0.008504276275634765,0.003689870834350586,0.0015264701843261718,0.0009764862060546875,0.0009762287139892578
ner,formal_e3_ms256_tner,1,ffn_out_input,linear_input,512,419430400,-0.008707751892507077,0.20849327448959057,0.03633118649944663,0.20548799317224267,11.429252624511719,314.58517394376315,0.003477649688720703,0.001344137191772461,0.0007697606086730957,0.0006279659271240235,0.0004542207717895508,8.406639099121094e-05,8.654594421386718e-07
ner,formal_e3_ms256_tner,1,gelu_input,intermediate_dense_output,512,419430400,-3.434384479522705,1.7000536908845427,3.466045274734497,1.6345364659643609,14.846965789794922,4.283546408934954,0.9316906261444092,0.8091553735733032,0.6042487835884094,0.3638847637176514,0.06298758268356323,0.005757598876953125,0.0006079602241516113
ner,formal_e3_ms256_tner,2,attn_k_input,linear_input,512,104857600,0.0180807825550437,0.6180448583016863,0.4115036417543888,0.46148793526356674,13.248398780822754,32.19509485831046,0.059152774810791016,0.0027790451049804687,0.0009971523284912109,0.0009759140014648438,0.0009686470031738282,0.000928192138671875,0.000775604248046875
ner,formal_e3_ms256_tner,2,attn_out_input,linear_input,512,104857600,0.00011450597126895445,0.11910630290286763,0.08031289417296648,0.08795546334576947,3.653395652770996,45.48952805638945,0.0006445980072021484,3.678321838378906e-05,2.6988983154296876e-06,0.0,0.0,0.0,0.0
ner,formal_e3_ms256_tner,2,attn_q_input,linear_input,512,104857600,0.0180807825550437,0.6180448583016863,0.4115036417543888,0.46148793526356674,13.248398780822754,32.19509485831046,0.059152774810791016,0.0027790451049804687,0.0009971523284912109,0.0009759140014648438,0.0009686470031738282,0.000928192138671875,0.000775604248046875
ner,formal_e3_ms256_tner,2,attn_v_input,linear_input,512,104857600,0.0180807825550437,0.6180448583016863,0.4115036417543888,0.46148793526356674,13.248398780822754,32.19509485831046,0.059152774810791016,0.0027790451049804687,0.0009971523284912109,0.0009759140014648438,0.0009686470031738282,0.000928192138671875,0.000775604248046875
ner,formal_e3_ms256_tner,2,ffn_in_input,linear_input,512,104857600,0.031151167247444392,1.8797745861224013,0.7179346463084221,1.7375536634828073,90.55833435058594,126.13729510928549,0.2229942798614502,0.026501846313476563,0.005425252914428711,0.002258634567260742,0.0011594772338867187,0.0009765434265136719,0.0009764957427978515
ner,formal_e3_ms256_tner,2,ffn_out_input,linear_input,512,419430400,-0.013977287970483303,0.16004026909303334,0.0440877153724432,0.15448147352876582,9.198779106140137,208.6472167684558,0.004239006042480469,0.0013979530334472655,0.0006082177162170411,0.00017589092254638672,2.350807189941406e-06,6.914138793945312e-08,0.0
ner,formal_e3_ms256_tner,2,gelu_input,intermediate_dense_output,512,419430400,-2.861042321920395,1.4058292465573832,2.8970081067085265,1.3301364847115595,15.722660064697266,5.427206098694964,0.9098434615135192,0.7498669767379761,0.47365469217300415,0.20275065422058106,0.01039503574371338,0.0004516124725341797,1.3575553894042968e-05
ner,formal_e3_ms256_tner,3,attn_k_input,linear_input,512,104857600,0.014712822549045086,0.5658374294032827,0.33668548442423346,0.4550069760334383,13.656418800354004,40.561353049442786,0.027662878036499024,0.001561431884765625,0.0009911251068115234,0.0009765338897705078,0.0009741306304931641,0.0009545993804931641,0.0008958244323730469
ner,formal_e3_ms256_tner,3,attn_out_input,linear_input,512,104857600,0.0008669950867897569,0.14061548384360043,0.08433447690680623,0.11252182891290796,3.390282154083252,40.200429034849904,0.0021288204193115235,3.9615631103515624e-05,3.910064697265625e-07,0.0,0.0,0.0,0.0
ner,formal_e3_ms256_tner,3,attn_q_input,linear_input,512,104857600,0.014712822549045086,0.5658374294032827,0.33668548442423346,0.4550069760334383,13.656418800354004,40.561353049442786,0.027662878036499024,0.001561431884765625,0.0009911251068115234,0.0009765338897705078,0.0009741306304931641,0.0009545993804931641,0.0008958244323730469
ner,formal_e3_ms256_tner,3,attn_v_input,linear_input,512,104857600,0.014712822549045086,0.5658374294032827,0.33668548442423346,0.4550069760334383,13.656418800354004,40.561353049442786,0.027662878036499024,0.001561431884765625,0.0009911251068115234,0.0009765338897705078,0.0009741306304931641,0.0009545993804931641,0.0008958244323730469
ner,formal_e3_ms256_tner,3,ffn_in_input,linear_input,512,104857600,0.03752809026278556,1.971587442765898,0.6450135710835457,1.8634706585157161,81.27835083007812,126.01029571136031,0.17374130249023437,0.013188209533691406,0.002718954086303711,0.0018524169921875,0.0009882640838623047,0.0009765625,0.0009765625
ner,formal_e3_ms256_tner,3,ffn_out_input,linear_input,512,419430400,-0.018727159025147558,0.13275505735931437,0.037216564491391185,0.1288003845766236,7.891529083251953,212.04345944068524,0.0027650880813598635,0.0010931110382080078,0.00044950246810913084,9.332895278930664e-05,6.031990051269531e-07,0.0,0.0
ner,formal_e3_ms256_tner,3,gelu_input,intermediate_dense_output,512,419430400,-2.7932990419864656,1.179583165876189,2.815044940710068,1.126702252133921,10.011486053466797,3.5564213944454814,0.9329590368270874,0.7747160625457764,0.44431796312332156,0.142318434715271,0.002005937099456787,1.464366912841797e-05,9.5367431640625e-09
ner,formal_e3_ms256_tner,4,attn_k_input,linear_input,512,104857600,0.010349971998948604,0.49813577979863727,0.31558881752192974,0.38555165061387764,10.568846702575684,33.48929403001192,0.020879840850830077,0.0016628074645996093,0.0009842967987060546,0.0009764766693115234,0.0009706974029541016,0.0008992481231689453,8.673667907714844e-05
ner,formal_e3_ms256_tner,4,attn_out_input,linear_input,512,104857600,-0.00355034238047665,0.10928935195441482,0.07663870373740793,0.07799536185623078,3.7397608757019043,48.79728770616587,0.00035570144653320314,4.758834838867188e-06,2.002716064453125e-07,0.0,0.0,0.0,0.0
ner,formal_e3_ms256_tner,4,attn_q_input,linear_input,512,104857600,0.010349971998948604,0.49813577979863727,0.31558881752192974,0.38555165061387764,10.568846702575684,33.48929403001192,0.020879840850830077,0.0016628074645996093,0.0009842967987060546,0.0009764766693115234,0.0009706974029541016,0.0008992481231689453,8.673667907714844e-05
ner,formal_e3_ms256_tner,4,attn_v_input,linear_input,512,104857600,0.010349971998948604,0.49813577979863727,0.31558881752192974,0.38555165061387764,10.568846702575684,33.48929403001192,0.020879840850830077,0.0016628074645996093,0.0009842967987060546,0.0009764766693115234,0.0009706974029541016,0.0008992481231689453,8.673667907714844e-05
ner,formal_e3_ms256_tner,4,ffn_in_input,linear_input,512,104857600,0.041544549092650415,1.9060540350484891,0.6702210122346878,1.7848170014998874,80.40559387207031,119.96877508208458,0.19015606880187988,0.01410055160522461,0.002730093002319336,0.0019401645660400391,0.0018021488189697266,0.0017916011810302735,0.0016600513458251954
ner,formal_e3_ms256_tner,4,ffn_out_input,linear_input,512,419430400,-0.02889223963022232,0.16841052489460873,0.05114796236157417,0.1630360461750309,16.00735855102539,312.9618035976973,0.002453184127807617,0.0006136536598205566,0.0002880263328552246,0.0002269124984741211,0.00018627405166625976,0.00012348413467407225,4.31513786315918e-05
ner,formal_e3_ms256_tner,4,gelu_input,intermediate_dense_output,512,419430400,-2.427087663412094,1.160398936880782,2.4543115627765655,1.1016510207059584,16.00735855102539,6.522137936275803,0.8943242740631103,0.6659339261054993,0.3113279128074646,0.07737632513046265,0.0013304734230041504,0.00013752222061157225,4.333019256591797e-05
ner,formal_e3_ms256_tner,5,attn_k_input,linear_input,512,104857600,0.007092212454881519,0.40856364194332034,0.24647983983159066,0.3259175318268231,8.34174633026123,33.843523819070946,0.01755253791809082,0.0024020767211914065,0.001680164337158203,0.0009743499755859375,0.0009060287475585937,1.1425018310546875e-05,0.0
ner,formal_e3_ms256_tner,5,attn_out_input,linear_input,512,104857600,0.00025354008832437105,0.10005939016033209,0.06822522072121501,0.07319334053980214,3.427950382232666,50.24462135842862,0.0005279922485351562,1.5506744384765626e-05,2.47955322265625e-07,0.0,0.0,0.0,0.0
ner,formal_e3_ms256_tner,5,attn_q_input,linear_input,512,104857600,0.007092212454881519,0.40856364194332034,0.24647983983159066,0.3259175318268231,8.34174633026123,33.843523819070946,0.01755253791809082,0.0024020767211914065,0.001680164337158203,0.0009743499755859375,0.0009060287475585937,1.1425018310546875e-05,0.0
ner,formal_e3_ms256_tner,5,attn_v_input,linear_input,512,104857600,0.007092212454881519,0.40856364194332034,0.24647983983159066,0.3259175318268231,8.34174633026123,33.843523819070946,0.01755253791809082,0.0024020767211914065,0.001680164337158203,0.0009743499755859375,0.0009060287475585937,1.1425018310546875e-05,0.0
ner,formal_e3_ms256_tner,5,ffn_in_input,linear_input,512,104857600,0.05314343862235546,1.9990687301117558,0.6456076364219189,1.8926940567806882,68.39808654785156,105.94373840886836,0.16282135009765625,0.0126296329498291,0.0028953075408935545,0.002093181610107422,0.0019504642486572266,0.0018576431274414064,0.0018282413482666015
ner,formal_e3_ms256_tner,5,ffn_out_input,linear_input,512,419430400,-0.022828788226470352,0.13503357023163245,0.04386556932702661,0.12973446145495063,10.187673568725586,232.24760843235472,0.0028046393394470215,0.0009456610679626465,0.0003756046295166016,0.00011589288711547851,4.222393035888672e-06,1.2636184692382812e-06,5.245208740234375e-08
ner,formal_e3_ms256_tner,5,gelu_input,intermediate_dense_output,512,419430400,-2.614144479036331,1.1780727422615263,2.639551784992218,1.1199879989000414,10.580240249633789,4.008347292063066,0.9128505229949951,0.7254312610626221,0.3826291108131409,0.10740750789642334,0.0011509418487548827,1.1038780212402343e-05,1.0728836059570313e-07
ner,formal_e3_ms256_tner,6,attn_k_input,linear_input,512,104857600,0.004465207270113751,0.3750386277484557,0.22273997951298952,0.30176284049889707,6.5273942947387695,29.304996386417066,0.020638790130615235,0.003564462661743164,0.0009780788421630859,0.000868377685546875,0.00017216682434082031,0.0,0.0
ner,formal_e3_ms256_tner,6,attn_out_input,linear_input,512,104857600,-0.0003360488409998652,0.09720813974491851,0.06956122204661369,0.06790266378333658,3.687757730484009,53.014562165293825,0.00022319793701171874,6.160736083984375e-06,2.956390380859375e-07,0.0,0.0,0.0,0.0
ner,formal_e3_ms256_tner,6,attn_q_input,linear_input,512,104857600,0.004465207270113751,0.3750386277484557,0.22273997951298952,0.30176284049889707,6.5273942947387695,29.304996386417066,0.020638790130615235,0.003564462661743164,0.0009780788421630859,0.000868377685546875,0.00017216682434082031,0.0,0.0
ner,formal_e3_ms256_tner,6,attn_v_input,linear_input,512,104857600,0.004465207270113751,0.3750386277484557,0.22273997951298952,0.30176284049889707,6.5273942947387695,29.304996386417066,0.020638790130615235,0.003564462661743164,0.0009780788421630859,0.000868377685546875,0.00017216682434082031,0.0,0.0
ner,formal_e3_ms256_tner,6,ffn_in_input,linear_input,512,104857600,0.04038286354392767,2.1755633293936785,0.6594637425243854,2.073599321992136,86.56148529052734,131.26041616658932,0.16751855850219727,0.014930629730224609,0.003716268539428711,0.002998056411743164,0.0028496742248535155,0.0027738380432128906,0.0027068233489990234
ner,formal_e3_ms256_tner,6,ffn_out_input,linear_input,512,419430400,-0.01616296162828803,0.15285273000240432,0.038379512112587694,0.1488361899800756,9.095616340637207,236.9914529907229,0.003315865993499756,0.0013319492340087891,0.0005989384651184082,0.00024895191192626955,2.1970272064208986e-05,7.867813110351563e-08,0.0
ner,formal_e3_ms256_tner,6,gelu_input,intermediate_dense_output,512,419430400,-2.837452734708786,1.216891952988736,2.8631669843196867,1.1550925793445381,11.41942024230957,3.988387790460263,0.9361624240875244,0.7789100503921509,0.4580430173873901,0.15975616455078126,0.003568553924560547,2.4416446685791015e-05,6.127357482910156e-07
ner,formal_e3_ms256_tner,7,attn_k_input,linear_input,512,104857600,-0.004280416514084209,0.3962753132992715,0.2068408017233014,0.33803746632353016,14.749911308288574,71.31045318621456,0.02239309310913086,0.0029502105712890625,0.0018535709381103515,0.0009752941131591796,0.0009276866912841797,7.979393005371094e-05,4.1751861572265626e-05
ner,formal_e3_ms256_tner,7,attn_out_input,linear_input,512,104857600,-0.0018050864441647718,0.1180006775937678,0.0870015594176948,0.07973798911778852,4.217792510986328,48.479504726308306,0.0003487205505371094,1.0519027709960937e-05,2.09808349609375e-07,4.76837158203125e-08,0.0,0.0,0.0
ner,formal_e3_ms256_tner,7,attn_q_input,linear_input,512,104857600,-0.004280416514084209,0.3962753132992715,0.2068408017233014,0.33803746632353016,14.749911308288574,71.31045318621456,0.02239309310913086,0.0029502105712890625,0.0018535709381103515,0.0009752941131591796,0.0009276866912841797,7.979393005371094e-05,4.1751861572265626e-05
ner,formal_e3_ms256_tner,7,attn_v_input,linear_input,512,104857600,-0.004280416514084209,0.3962753132992715,0.2068408017233014,0.33803746632353016,14.749911308288574,71.31045318621456,0.02239309310913086,0.0029502105712890625,0.0018535709381103515,0.0009752941131591796,0.0009276866912841797,7.979393005371094e-05,4.1751861572265626e-05
ner,formal_e3_ms256_tner,7,ffn_in_input,linear_input,512,104857600,-0.02342418973799795,2.0049068810274777,0.5871269249916077,1.917154732463217,68.85031127929688,117.26648591406537,0.12434417724609376,0.00886941909790039,0.002473115921020508,0.0019872188568115234,0.0018684005737304688,0.0018300533294677735,0.0018192291259765624
ner,formal_e3_ms256_tner,7,ffn_out_input,linear_input,512,419430400,-0.01780526137445122,0.10533304906970302,0.030686561996117235,0.10232503834248703,16.86412811279297,549.5606876693057,0.002138464450836182,0.000621187686920166,0.00010918855667114258,1.7557144165039063e-05,1.7094612121582031e-06,1.2445449829101562e-06,1.220703125e-06
ner,formal_e3_ms256_tner,7,gelu_input,intermediate_dense_output,512,419430400,-2.8422370517253874,1.0696748354447436,2.8574138271808622,1.028446368081477,16.86412811279297,5.9018851075663745,0.9522905373573303,0.8135097599029542,0.456373291015625,0.11820912837982178,0.0024285984039306642,0.00046138525009155275,4.1868686676025394e-05
ner,formal_e3_ms256_tner,8,attn_k_input,linear_input,512,104857600,-0.009311057697050273,0.46727539966972204,0.22686040423810483,0.4086163872397434,12.968887329101562,57.16681750901699,0.017235536575317383,0.0017808818817138673,0.001019449234008789,0.0009825420379638672,0.0009719562530517578,0.0009285449981689453,0.0008768939971923828
ner,formal_e3_ms256_tner,8,attn_out_input,linear_input,512,104857600,-0.002543338763698557,0.11370126386374403,0.08295492013916374,0.07780056041562067,2.7975869178771973,33.72418312481061,0.0002527523040771484,2.536773681640625e-06,0.0,0.0,0.0,0.0,0.0
ner,formal_e3_ms256_tner,8,attn_q_input,linear_input,512,104857600,-0.009311057697050273,0.46727539966972204,0.22686040423810483,0.4086163872397434,12.968887329101562,57.16681750901699,0.017235536575317383,0.0017808818817138673,0.001019449234008789,0.0009825420379638672,0.0009719562530517578,0.0009285449981689453,0.0008768939971923828
ner,formal_e3_ms256_tner,8,attn_v_input,linear_input,512,104857600,-0.009311057697050273,0.46727539966972204,0.22686040423810483,0.4086163872397434,12.968887329101562,57.16681750901699,0.017235536575317383,0.0017808818817138673,0.001019449234008789,0.0009825420379638672,0.0009719562530517578,0.0009285449981689453,0.0008768939971923828
ner,formal_e3_ms256_tner,8,ffn_in_input,linear_input,512,104857600,-0.04634504035115242,2.1239176226680354,0.5361997774243354,2.055641926342008,75.37740325927734,140.57708793046646,0.09855087280273438,0.006459407806396485,0.001441974639892578,0.0010370731353759766,0.0009820175170898438,0.0009814453125,0.0009814453125
ner,formal_e3_ms256_tner,8,ffn_out_input,linear_input,512,419430400,-0.02821692637167871,0.10429685831048613,0.042871023947373035,0.09917713896360453,10.628482818603516,247.9176338696894,0.0020157480239868164,0.0004626274108886719,6.899833679199218e-05,1.0936260223388671e-05,1.3327598571777343e-06,9.083747863769531e-07,2.6226043701171875e-08
ner,formal_e3_ms256_tner,8,gelu_input,intermediate_dense_output,512,419430400,-2.4289898467063904,0.9832860592214681,2.4471090376377105,0.9372835790591109,12.219488143920898,4.993438361748215,0.9228931021690369,0.7170633816719055,0.26588437795639036,0.0393851900100708,0.0012131786346435546,0.0001726961135864258,8.640289306640625e-06
ner,formal_e3_ms256_tner,9,attn_k_input,linear_input,512,104857600,-0.012366164205595852,0.5853632809258377,0.25074063025414944,0.5290862207742447,16.16846466064453,64.4828269126398,0.01768665313720703,0.0020427799224853518,0.0010505485534667968,0.0009850311279296876,0.0009814262390136718,0.0009778690338134765,0.0009500312805175781
ner,formal_e3_ms256_tner,9,attn_out_input,linear_input,512,104857600,-0.001436049976036884,0.18094216978237687,0.11151768215000629,0.14249890390097159,3.3872716426849365,30.37430098420267,0.004402885437011719,0.00013545989990234374,7.43865966796875e-07,0.0,0.0,0.0,0.0
ner,formal_e3_ms256_tner,9,attn_q_input,linear_input,512,104857600,-0.012366164205595852,0.5853632809258377,0.25074063025414944,0.5290862207742447,16.16846466064453,64.4828269126398,0.01768665313720703,0.0020427799224853518,0.0010505485534667968,0.0009850311279296876,0.0009814262390136718,0.0009778690338134765,0.0009500312805175781
ner,formal_e3_ms256_tner,9,attn_v_input,linear_input,512,104857600,-0.012366164205595852,0.5853632809258377,0.25074063025414944,0.5290862207742447,16.16846466064453,64.4828269126398,0.01768665313720703,0.0020427799224853518,0.0010505485534667968,0.0009850311279296876,0.0009814262390136718,0.0009778690338134765,0.0009500312805175781
ner,formal_e3_ms256_tner,9,ffn_in_input,linear_input,512,104857600,-0.04549221624620259,2.0504918449190144,0.49064072921872137,1.991446213848141,71.02223205566406,144.75404878995127,0.07170025825500488,0.005224533081054687,0.0013634967803955078,0.0010291576385498048,0.000981912612915039,0.0009814453125,0.0009814453125
ner,formal_e3_ms256_tner,9,ffn_out_input,linear_input,512,419430400,-0.03907417124137282,0.11539414430258177,0.06102512946352363,0.10544445443685206,11.61253547668457,190.29104204728804,0.002167525291442871,0.00030935049057006836,6.847143173217773e-05,1.836538314819336e-05,1.659393310546875e-06,1.220703125e-06,1.175403594970703e-06
ner,formal_e3_ms256_tner,9,gelu_input,intermediate_dense_output,512,419430400,-2.0849034756422045,1.0233546320376996,2.1134613156318665,0.9629945342449143,13.613494873046875,6.441326733712567,0.8587981605529785,0.5727600693702698,0.1659570598602295,0.02279627799987793,0.0006113672256469727,1.9404888153076172e-05,5.674362182617188e-06
ner,formal_e3_ms256_tner,10,attn_k_input,linear_input,512,104857600,-0.008996377298608423,0.577825485396296,0.2526825611293316,0.5197256484714657,15.915933609008789,62.987859304079436,0.01471261978149414,0.0017444133758544923,0.0010268211364746094,0.000983123779296875,0.0009814453125,0.0009807777404785157,0.0009712409973144531
ner,formal_e3_ms256_tner,10,attn_out_input,linear_input,512,104857600,-0.0015393778575526085,0.18971624161889755,0.12429489113390446,0.14333667380052836,3.3295905590057373,26.787831170138176,0.0030831623077392577,6.27899169921875e-05,2.6702880859375e-07,0.0,0.0,0.0,0.0
ner,formal_e3_ms256_tner,10,attn_q_input,linear_input,512,104857600,-0.008996377298608423,0.577825485396296,0.2526825611293316,0.5197256484714657,15.915933609008789,62.987859304079436,0.01471261978149414,0.0017444133758544923,0.0010268211364746094,0.000983123779296875,0.0009814453125,0.0009807777404785157,0.0009712409973144531
ner,formal_e3_ms256_tner,10,attn_v_input,linear_input,512,104857600,-0.008996377298608423,0.577825485396296,0.2526825611293316,0.5197256484714657,15.915933609008789,62.987859304079436,0.01471261978149414,0.0017444133758544923,0.0010268211364746094,0.000983123779296875,0.0009814453125,0.0009807777404785157,0.0009712409973144531
ner,formal_e3_ms256_tner,10,ffn_in_input,linear_input,512,104857600,-0.034802658567205075,1.69885834190217,0.48640609860420225,1.628109332365175,63.464664459228516,130.47670381055585,0.0738654899597168,0.005301542282104492,0.0019270992279052735,0.0012478828430175781,0.0009876060485839843,0.0009854888916015624,0.0009816551208496093
ner,formal_e3_ms256_tner,10,ffn_out_input,linear_input,512,419430400,-0.05155942099168897,0.11975903151389203,0.07329039106145502,0.1078383888056688,11.644474983215332,158.88133238982553,0.0023026823997497558,0.00040679931640625,5.975008010864258e-05,1.2586116790771484e-05,1.316070556640625e-06,1.220703125e-06,1.201629638671875e-06
ner,formal_e3_ms256_tner,10,gelu_input,intermediate_dense_output,512,419430400,-1.8970659649372101,1.001070755985783,1.9251503926515579,0.9459375769503228,29.83875274658203,15.499439867388423,0.8247154259681702,0.46783498764038084,0.12137950897216797,0.018046817779541015,0.0005138635635375977,4.0059089660644534e-05,1.2903213500976562e-05
ner,formal_e3_ms256_tner,11,attn_k_input,linear_input,512,104857600,0.006162002040073275,0.6758113704250123,0.30858994483947755,0.6012746665284039,18.778406143188477,60.85229430581945,0.019277925491333007,0.0018046474456787109,0.0010323143005371094,0.000983428955078125,0.0009814453125,0.0009765434265136719,0.0009753036499023437
ner,formal_e3_ms256_tner,11,attn_out_input,linear_input,512,104857600,-0.0007319416385325894,0.16232695066799852,0.10417393710464239,0.1244924314159341,3.552764892578125,34.10416262763866,0.001281604766845703,1.1224746704101562e-05,2.09808349609375e-07,0.0,0.0,0.0,0.0
ner,formal_e3_ms256_tner,11,attn_q_input,linear_input,512,104857600,0.006162002040073275,0.6758113704250123,0.30858994483947755,0.6012746665284039,18.778406143188477,60.85229430581945,0.019277925491333007,0.0018046474456787109,0.0010323143005371094,0.000983428955078125,0.0009814453125,0.0009765434265136719,0.0009753036499023437
ner,formal_e3_ms256_tner,11,attn_v_input,linear_input,512,104857600,0.006162002040073275,0.6758113704250123,0.30858994483947755,0.6012746665284039,18.778406143188477,60.85229430581945,0.019277925491333007,0.0018046474456787109,0.0010323143005371094,0.000983428955078125,0.0009814453125,0.0009765434265136719,0.0009753036499023437
ner,formal_e3_ms256_tner,11,ffn_in_input,linear_input,512,104857600,-0.029885852765291928,1.569479164397977,0.48962400674819945,1.4914510865900765,80.86109161376953,165.14936052830072,0.07856799125671386,0.005154170989990234,0.0021157455444335937,0.001578836441040039,0.0010898971557617187,0.000986461639404297,0.0009835147857666015
ner,formal_e3_ms256_tner,11,ffn_out_input,linear_input,512,419430400,-0.05071438753046095,0.11910680566170338,0.07314243650063873,0.10681088072043307,15.287349700927734,209.00793619028858,0.0021896123886108398,0.0002962970733642578,6.43467903137207e-05,2.1424293518066406e-05,1.5115737915039062e-06,1.227855682373047e-06,1.220703125e-06
ner,formal_e3_ms256_tner,11,gelu_input,intermediate_dense_output,512,419430400,-1.901296945810318,1.0180529704521315,1.9305733281373978,0.9613784642265205,34.4007453918457,17.81892709821868,0.8209440755844116,0.47012953996658324,0.12818422079086303,0.018805196285247804,0.0005790996551513672,6.019115447998047e-05,1.6846656799316405e-05
ner,formal_e3_ms256_tner,12,attn_k_input,linear_input,512,104857600,0.007954429071396589,0.6805110619848835,0.3321419327706099,0.5940036320773211,18.41400146484375,55.440158703361234,0.02232499122619629,0.0016508197784423828,0.001015024185180664,0.0009776878356933594,0.0009765625,0.0009765625,0.0009760570526123047
ner,formal_e3_ms256_tner,12,attn_out_input,linear_input,512,104857600,0.0025022382188399205,0.18668308341842982,0.12284883938729763,0.1405880417813343,3.2369656562805176,26.349175722169782,0.002199058532714844,3.25775146484375e-05,3.814697265625e-08,0.0,0.0,0.0,0.0
ner,formal_e3_ms256_tner,12,attn_q_input,linear_input,512,104857600,0.007954429071396589,0.6805110619848835,0.3321419327706099,0.5940036320773211,18.41400146484375,55.440158703361234,0.02232499122619629,0.0016508197784423828,0.001015024185180664,0.0009776878356933594,0.0009765625,0.0009765625,0.0009760570526123047
ner,formal_e3_ms256_tner,12,attn_v_input,linear_input,512,104857600,0.007954429071396589,0.6805110619848835,0.3321419327706099,0.5940036320773211,18.41400146484375,55.440158703361234,0.02232499122619629,0.0016508197784423828,0.001015024185180664,0.0009776878356933594,0.0009765625,0.0009765625,0.0009760570526123047
ner,formal_e3_ms256_tner,12,ffn_in_input,linear_input,512,104857600,-0.02877535964362323,1.4612917295697956,0.523973459303379,1.3644241841074771,79.72602844238281,152.1566160018454,0.10154789924621582,0.006086292266845703,0.002148714065551758,0.0015826797485351562,0.001105365753173828,0.0009879684448242188,0.0009834003448486329
ner,formal_e3_ms256_tner,12,ffn_out_input,linear_input,512,419430400,-0.04823090489022434,0.12404930156276164,0.07335064537823201,0.11105913842334494,10.450037956237793,142.4668849517582,0.002607250213623047,0.00032999753952026365,5.247116088867188e-05,9.670257568359376e-06,2.5510787963867186e-06,2.44140625e-06,1.7881393432617188e-07
ner,formal_e3_ms256_tner,12,gelu_input,intermediate_dense_output,512,419430400,-1.9176397979259492,1.0372484062961087,1.950200690627098,0.9746506642027607,38.57579803466797,19.780424763496367,0.8229069089889527,0.47620508432388303,0.13812599182128907,0.02068983554840088,0.0005021429061889648,3.745555877685547e-05,1.5301704406738283e-05
ner,formal_e3_ms256_tner,13,attn_k_input,linear_input,512,104857600,0.004163154133129865,0.669064607317129,0.3616386096179485,0.562922993534957,17.120891571044922,47.34254340025311,0.030635204315185547,0.0015853500366210937,0.0010059070587158203,0.0009772014617919923,0.0009765625,0.0009765052795410157,0.0009750270843505859
ner,formal_e3_ms256_tner,13,attn_out_input,linear_input,512,104857600,0.0002158547016369994,0.2482571514649692,0.1678053877130151,0.18295631090847225,3.582407236099243,21.348582932426247,0.005388593673706055,5.889892578125e-05,1.3256072998046874e-06,0.0,0.0,0.0,0.0
ner,formal_e3_ms256_tner,13,attn_q_input,linear_input,512,104857600,0.004163154133129865,0.669064607317129,0.3616386096179485,0.562922993534957,17.120891571044922,47.34254340025311,0.030635204315185547,0.0015853500366210937,0.0010059070587158203,0.0009772014617919923,0.0009765625,0.0009765052795410157,0.0009750270843505859
ner,formal_e3_ms256_tner,13,attn_v_input,linear_input,512,104857600,0.004163154133129865,0.669064607317129,0.3616386096179485,0.562922993534957,17.120891571044922,47.34254340025311,0.030635204315185547,0.0015853500366210937,0.0010059070587158203,0.0009772014617919923,0.0009765625,0.0009765052795410157,0.0009750270843505859
ner,formal_e3_ms256_tner,13,ffn_in_input,linear_input,512,104857600,-0.024078794242814183,1.2923598458448418,0.5622820721566677,1.1638782714766587,82.9225845336914,147.47506392234186,0.1310551643371582,0.008257913589477538,0.00234527587890625,0.0015831375122070312,0.0011324882507324219,0.001002664566040039,0.000983867645263672
ner,formal_e3_ms256_tner,13,ffn_out_input,linear_input,512,419430400,-0.04657191831618548,0.1418342542835023,0.07766511663794518,0.12749128959039127,8.775298118591309,112.98892602581793,0.0037508392333984375,0.0005600404739379883,0.00011630773544311523,3.1986236572265624e-05,1.6045570373535157e-06,1.220703125e-06,0.0
ner,formal_e3_ms256_tner,13,gelu_input,intermediate_dense_output,512,419430400,-1.8903252786397935,1.070201509127333,1.9297671961784362,0.9973261742061373,17.205717086791992,8.915954795409975,0.8112810134887696,0.4626224255561829,0.1395285987854004,0.02334009647369385,0.0009093022346496582,9.069442749023437e-05,1.176595687866211e-05
ner,formal_e3_ms256_tner,14,attn_k_input,linear_input,512,104857600,0.009670131509192288,0.643340469194462,0.4161197793483734,0.4907390344998211,13.570773124694824,32.61266058043696,0.05540396690368652,0.002623777389526367,0.0011821842193603515,0.000981597900390625,0.0009763717651367187,0.0009719181060791016,0.0009149551391601562
ner,formal_e3_ms256_tner,14,attn_out_input,linear_input,512,104857600,0.005834623014306999,0.22557291076711522,0.15218451004475356,0.16660448913551612,3.4972541332244873,22.980355439565002,0.003870668411254883,6.143569946289063e-05,6.29425048828125e-07,0.0,0.0,0.0,0.0
ner,formal_e3_ms256_tner,14,attn_q_input,linear_input,512,104857600,0.009670131509192288,0.643340469194462,0.4161197793483734,0.4907390344998211,13.570773124694824,32.61266058043696,0.05540396690368652,0.002623777389526367,0.0011821842193603515,0.000981597900390625,0.0009763717651367187,0.0009719181060791016,0.0009149551391601562
ner,formal_e3_ms256_tner,14,attn_v_input,linear_input,512,104857600,0.009670131509192288,0.643340469194462,0.4161197793483734,0.4907390344998211,13.570773124694824,32.61266058043696,0.05540396690368652,0.002623777389526367,0.0011821842193603515,0.000981597900390625,0.0009763717651367187,0.0009719181060791016,0.0009149551391601562
ner,formal_e3_ms256_tner,14,ffn_in_input,linear_input,512,104857600,-0.02178515334613621,1.1412193216371018,0.6169078072905541,0.9603545648811808,76.57715606689453,124.13063210079926,0.17210184097290038,0.013028125762939453,0.0032425403594970705,0.0024046707153320313,0.0019823169708251954,0.0016012382507324219,0.0011811351776123047
ner,formal_e3_ms256_tner,14,ffn_out_input,linear_input,512,419430400,-0.03983753438107669,0.15533172242404053,0.07872838603332638,0.13970259256495632,10.36619758605957,131.6703937214142,0.004912319183349609,0.0007110190391540527,0.00010342836380004883,1.585245132446289e-05,1.3113021850585938e-06,1.220703125e-06,1.1658668518066405e-06
ner,formal_e3_ms256_tner,14,gelu_input,intermediate_dense_output,512,419430400,-1.933221474289894,1.1419856147762804,1.9821717393398286,1.0547376966687354,12.713802337646484,6.414077087932287,0.8076906895637512,0.48089103937149047,0.16624704360961914,0.03357554674148559,0.0010046958923339844,6.192445755004883e-05,3.197193145751953e-06
ner,formal_e3_ms256_tner,15,attn_k_input,linear_input,512,104857600,0.005982777840690687,0.6500529545077974,0.47612646743655207,0.44261521020113803,13.3421630859375,28.022309193965274,0.09399493217468262,0.003293895721435547,0.0010657787322998046,0.0009556007385253906,0.0008746433258056641,0.0005311012268066406,9.302139282226563e-05
ner,formal_e3_ms256_tner,15,attn_out_input,linear_input,512,104857600,0.0026877198906004197,0.20924859566581136,0.13244066704064608,0.16202366598788356,3.454580545425415,26.0839863058467,0.0037354469299316407,3.842353820800781e-05,9.5367431640625e-08,0.0,0.0,0.0,0.0
ner,formal_e3_ms256_tner,15,attn_q_input,linear_input,512,104857600,0.005982777840690687,0.6500529545077974,0.47612646743655207,0.44261521020113803,13.3421630859375,28.022309193965274,0.09399493217468262,0.003293895721435547,0.0010657787322998046,0.0009556007385253906,0.0008746433258056641,0.0005311012268066406,9.302139282226563e-05
ner,formal_e3_ms256_tner,15,attn_v_input,linear_input,512,104857600,0.005982777840690687,0.6500529545077974,0.47612646743655207,0.44261521020113803,13.3421630859375,28.022309193965274,0.09399493217468262,0.003293895721435547,0.0010657787322998046,0.0009556007385253906,0.0008746433258056641,0.0005311012268066406,9.302139282226563e-05
ner,formal_e3_ms256_tner,15,ffn_in_input,linear_input,512,104857600,-0.021234502075240014,1.1818160128960522,0.6788590756058693,0.9676209732552563,47.54962921142578,70.04344630583101,0.2195235824584961,0.021312780380249023,0.0027703380584716795,0.0013463973999023437,0.0010060787200927735,0.0009757804870605468,0.0009666156768798829
ner,formal_e3_ms256_tner,15,ffn_out_input,linear_input,512,419430400,-0.030989457378163932,0.19277167807673032,0.08836943488568068,0.17410373147953215,9.95512580871582,112.6534963315573,0.008119163513183593,0.0014212417602539062,0.00024140834808349609,4.030942916870117e-05,1.5163421630859376e-06,1.220703125e-06,0.0
ner,formal_e3_ms256_tner,15,gelu_input,intermediate_dense_output,512,419430400,-1.865047695040703,1.1872909153912157,1.935710324048996,1.0682172831017485,12.655963897705078,6.538149712004499,0.7846873259544372,0.46521238565444945,0.16457291841506957,0.032146503925323484,0.0004532623291015625,1.1730194091796876e-05,2.455711364746094e-06
ner,formal_e3_ms256_tner,16,attn_k_input,linear_input,512,104857600,-0.010496517897117884,0.7178321690225913,0.5164384037256241,0.49868284001855523,14.389444351196289,27.86284723868286,0.11999567985534668,0.005190916061401367,0.0011380386352539062,0.0009760093688964843,0.0009342670440673828,0.0008173179626464844,0.0004714393615722656
ner,formal_e3_ms256_tner,16,attn_out_input,linear_input,512,104857600,-0.0015991881317495426,0.2291386653530315,0.13896514233201743,0.1821970762089541,3.549804210662842,25.54456571693066,0.0068467330932617185,0.00016518592834472657,1.4972686767578126e-06,0.0,0.0,0.0,0.0
ner,formal_e3_ms256_tner,16,attn_q_input,linear_input,512,104857600,-0.010496517897117884,0.7178321690225913,0.5164384037256241,0.49868284001855523,14.389444351196289,27.86284723868286,0.11999567985534668,0.005190916061401367,0.0011380386352539062,0.0009760093688964843,0.0009342670440673828,0.0008173179626464844,0.0004714393615722656
ner,formal_e3_ms256_tner,16,attn_v_input,linear_input,512,104857600,-0.010496517897117884,0.7178321690225913,0.5164384037256241,0.49868284001855523,14.389444351196289,27.86284723868286,0.11999567985534668,0.005190916061401367,0.0011380386352539062,0.0009760093688964843,0.0009342670440673828,0.0008173179626464844,0.0004714393615722656
ner,formal_e3_ms256_tner,16,ffn_in_input,linear_input,512,104857600,-0.028774705352261662,1.2506359559006683,0.6724604406952858,1.0548531810444475,63.23442840576172,94.0344213265258,0.2137931442260742,0.019163799285888673,0.0022538948059082032,0.0011264801025390625,0.000982389450073242,0.0009780311584472656,0.0009704208374023437
ner,formal_e3_ms256_tner,16,ffn_out_input,linear_input,512,419430400,-0.03637739550322294,0.1776226670213108,0.08343602208420635,0.16097067112404415,8.733965873718262,104.67859871008302,0.006493785381317139,0.0011977314949035644,0.0002464628219604492,6.240367889404297e-05,1.2254714965820312e-06,5.245208740234375e-08,0.0
ner,formal_e3_ms256_tner,16,gelu_input,intermediate_dense_output,512,419430400,-1.89415971159935,1.1535657730457634,1.952290934920311,1.0521953769223569,14.534299850463867,7.444740735354145,0.7984613370895386,0.4720995330810547,0.15947025299072265,0.02961303949356079,0.0012194943428039551,0.00023598909378051757,2.458333969116211e-05
ner,formal_e3_ms256_tner,17,attn_k_input,linear_input,512,104857600,-0.014156073448248208,0.7004721900778217,0.5100386644899845,0.48033555376753573,12.898305892944336,25.28887864970405,0.11751897811889649,0.005206747055053711,0.0011286449432373047,0.0009702396392822266,0.0009087657928466797,0.0007023334503173829,0.0002235698699951172
ner,formal_e3_ms256_tner,17,attn_out_input,linear_input,512,104857600,-0.0008646307081653504,0.25046897768325144,0.1640790793299675,0.1892445827340504,4.312502861022949,26.283075689073005,0.007900476455688477,0.00031484603881835936,1.2960433959960937e-05,8.58306884765625e-08,0.0,0.0,0.0
ner,formal_e3_ms256_tner,17,attn_q_input,linear_input,512,104857600,-0.014156073448248208,0.7004721900778217,0.5100386644899845,0.48033555376753573,12.898305892944336,25.28887864970405,0.11751897811889649,0.005206747055053711,0.0011286449432373047,0.0009702396392822266,0.0009087657928466797,0.0007023334503173829,0.0002235698699951172
ner,formal_e3_ms256_tner,17,attn_v_input,linear_input,512,104857600,-0.014156073448248208,0.7004721900778217,0.5100386644899845,0.48033555376753573,12.898305892944336,25.28887864970405,0.11751897811889649,0.005206747055053711,0.0011286449432373047,0.0009702396392822266,0.0009087657928466797,0.0007023334503173829,0.0002235698699951172
ner,formal_e3_ms256_tner,17,ffn_in_input,linear_input,512,104857600,-0.02464679779484868,1.1350140799449542,0.6684787750244141,0.9176058814418582,55.367225646972656,82.82570474275798,0.2150260829925537,0.01873631477355957,0.0020802879333496095,0.0010935306549072266,0.0009846878051757812,0.0009719371795654297,0.0009550380706787109
ner,formal_e3_ms256_tner,17,ffn_out_input,linear_input,512,419430400,-0.04118455828167498,0.19531385719006208,0.0980954048782587,0.17384177344092858,34.37382125854492,350.4121452090906,0.007461040019989013,0.001172010898590088,0.00018746137619018554,3.0112266540527343e-05,5.002021789550781e-06,4.701614379882812e-06,4.665851593017578e-06
ner,formal_e3_ms256_tner,17,gelu_input,intermediate_dense_output,512,419430400,-1.655644171833992,1.158662694850574,1.726733365058899,1.049785097131137,36.55743408203125,21.171441301699915,0.7438321733474731,0.37751265048980714,0.09984743595123291,0.013017599582672118,0.0009871411323547363,0.0008552908897399902,0.0007175898551940918
ner,formal_e3_ms256_tner,18,attn_k_input,linear_input,512,104857600,-0.016454158565029502,0.709262501316689,0.5292985233664512,0.4724056607092931,11.954428672790527,22.585418521022536,0.1319943618774414,0.005906229019165039,0.0010955810546875,0.0009517765045166016,0.0008162021636962891,0.0004065322875976562,6.700515747070313e-05
ner,formal_e3_ms256_tner,18,attn_out_input,linear_input,512,104857600,0.002237853957922198,0.3550247360911877,0.24545321896672248,0.2565156691623898,3.952723503112793,16.103775374193347,0.0207974910736084,0.0006366634368896485,1.0671615600585937e-05,0.0,0.0,0.0,0.0
ner,formal_e3_ms256_tner,18,attn_q_input,linear_input,512,104857600,-0.016454158565029502,0.709262501316689,0.5292985233664512,0.4724056607092931,11.954428672790527,22.585418521022536,0.1319943618774414,0.005906229019165039,0.0010955810546875,0.0009517765045166016,0.0008162021636962891,0.0004065322875976562,6.700515747070313e-05
ner,formal_e3_ms256_tner,18,attn_v_input,linear_input,512,104857600,-0.016454158565029502,0.709262501316689,0.5292985233664512,0.4724056607092931,11.954428672790527,22.585418521022536,0.1319943618774414,0.005906229019165039,0.0010955810546875,0.0009517765045166016,0.0008162021636962891,0.0004065322875976562,6.700515747070313e-05
ner,formal_e3_ms256_tner,18,ffn_in_input,linear_input,512,104857600,-0.021287935762666167,1.0579474150370267,0.6617455929517746,0.8257110144605474,48.05205154418945,72.61408622284742,0.2134738063812256,0.01704254150390625,0.00173614501953125,0.001058025360107422,0.0009838199615478515,0.0009615516662597656,0.0009358882904052735
ner,formal_e3_ms256_tner,18,ffn_out_input,linear_input,512,419430400,-0.03915278078988194,0.22667849976145862,0.11123091217130422,0.2013548277921981,47.12236785888672,423.6445331520308,0.009771821498870849,0.0018592095375061036,0.000413813591003418,0.0001247549057006836,2.2988319396972657e-05,3.9458274841308595e-06,3.540515899658203e-06
ner,formal_e3_ms256_tner,18,gelu_input,intermediate_dense_output,512,419430400,-1.5062981748580933,1.1609646728042127,1.5953055733442307,1.0352648408678093,48.415775299072266,30.348903751134355,0.7049112701416016,0.3206062078475952,0.0723209285736084,0.008606491088867187,0.00082183837890625,0.0005644798278808594,0.0004954218864440918
ner,formal_e3_ms256_tner,19,attn_k_input,linear_input,512,104857600,-0.008102961939293891,0.7331436043312466,0.5657817710936069,0.46632198110552586,9.640191078186035,17.038709217429158,0.15839694023132325,0.007715492248535156,0.0010357189178466797,0.0008016109466552734,0.0003765869140625,1.2750625610351562e-05,0.0
ner,formal_e3_ms256_tner,19,attn_out_input,linear_input,512,104857600,0.0021862524108291837,0.39789407181439335,0.28074549488723277,0.28196886208438726,4.987238883972168,17.7642703971987,0.02826812744140625,0.0012903404235839844,4.393577575683594e-05,5.216598510742187e-06,0.0,0.0,0.0
ner,formal_e3_ms256_tner,19,attn_q_input,linear_input,512,104857600,-0.008102961939293891,0.7331436043312466,0.5657817710936069,0.46632198110552586,9.640191078186035,17.038709217429158,0.15839694023132325,0.007715492248535156,0.0010357189178466797,0.0008016109466552734,0.0003765869140625,1.2750625610351562e-05,0.0
ner,formal_e3_ms256_tner,19,attn_v_input,linear_input,512,104857600,-0.008102961939293891,0.7331436043312466,0.5657817710936069,0.46632198110552586,9.640191078186035,17.038709217429158,0.15839694023132325,0.007715492248535156,0.0010357189178466797,0.0008016109466552734,0.0003765869140625,1.2750625610351562e-05,0.0
ner,formal_e3_ms256_tner,19,ffn_in_input,linear_input,512,104857600,-0.011679100566543638,0.9263439578310532,0.6566956463456154,0.6534526437859578,88.56568145751953,134.86564430626345,0.21427184104919433,0.017356109619140626,0.0021660614013671877,0.001361703872680664,0.0010541248321533202,0.0008955192565917969,0.0006910037994384766
ner,formal_e3_ms256_tner,19,ffn_out_input,linear_input,512,419430400,-0.04165536514483392,0.21043180804090003,0.11345937587320805,0.18205407248170458,21.32508087158203,187.95344772046883,0.00963205099105835,0.00141587495803833,0.00018989801406860352,2.482891082763672e-05,2.422332763671875e-06,2.3746490478515627e-06,2.360343933105469e-06
ner,formal_e3_ms256_tner,19,gelu_input,intermediate_dense_output,512,419430400,-1.4428689908981323,1.039822402634958,1.5324693882465363,0.9025736136206387,21.32508087158203,13.915502022511758,0.6902414226531982,0.2969623041152954,0.059474096298217774,0.006026155948638916,0.00033235788345336914,0.00011966466903686524,5.302190780639648e-05
ner,formal_e3_ms256_tner,20,attn_k_input,linear_input,512,104857600,0.0017633348899835255,0.7678366404347244,0.605557878613472,0.4720973113598192,8.14865493774414,13.456442770428279,0.18828253746032714,0.01050832748413086,0.0005857563018798828,0.00018640518188476563,2.1877288818359376e-05,4.901885986328125e-06,0.0
ner,formal_e3_ms256_tner,20,attn_out_input,linear_input,512,104857600,0.0040039485980378235,0.46891829254721645,0.3406479988992214,0.322272148246988,4.961554050445557,14.565046812188676,0.04675748825073242,0.0016539287567138672,5.5437088012695315e-05,1.64031982421875e-06,0.0,0.0,0.0
ner,formal_e3_ms256_tner,20,attn_q_input,linear_input,512,104857600,0.0017633348899835255,0.7678366404347244,0.605557878613472,0.4720973113598192,8.14865493774414,13.456442770428279,0.18828253746032714,0.01050832748413086,0.0005857563018798828,0.00018640518188476563,2.1877288818359376e-05,4.901885986328125e-06,0.0
ner,formal_e3_ms256_tner,20,attn_v_input,linear_input,512,104857600,0.0017633348899835255,0.7678366404347244,0.605557878613472,0.4720973113598192,8.14865493774414,13.456442770428279,0.18828253746032714,0.01050832748413086,0.0005857563018798828,0.00018640518188476563,2.1877288818359376e-05,4.901885986328125e-06,0.0
ner,formal_e3_ms256_tner,20,ffn_in_input,linear_input,512,104857600,0.0025506103110092227,0.8639205677713057,0.6520359340310097,0.5667577910920701,77.04229736328125,118.15652074110574,0.2155616569519043,0.016334104537963866,0.0019551372528076173,0.0011923885345458984,0.0005808448791503906,0.00026683807373046876,0.00015069007873535155
ner,formal_e3_ms256_tner,20,ffn_out_input,linear_input,512,419430400,-0.05258603062480688,0.19465143101422208,0.11298130303621293,0.16700208195407926,7.677743434906006,67.95587613682527,0.007873928546905518,0.001227865219116211,0.00016336679458618165,4.038095474243164e-05,7.162094116210937e-06,0.0,0.0
ner,formal_e3_ms256_tner,20,gelu_input,intermediate_dense_output,512,419430400,-1.4008623278141021,0.9993252598664896,1.476615891456604,0.8835563058423556,28.488338470458984,19.292991925176107,0.6820229625701905,0.265886013507843,0.04261498689651489,0.003329424858093262,0.0002815914154052734,0.00024381637573242187,0.00024258852005004883
ner,formal_e3_ms256_tner,21,attn_k_input,linear_input,512,104857600,-0.006347839976660908,0.7168857997800462,0.5578502598404884,0.45029838173653847,9.066040992736816,16.251746472842296,0.15630183219909669,0.008549184799194335,0.0004081535339355469,0.00015376091003417968,2.257347106933594e-05,5.53131103515625e-07,0.0
ner,formal_e3_ms256_tner,21,attn_out_input,linear_input,512,104857600,-0.00048644224920280977,0.33046845420963494,0.24733785845339298,0.21916573552783458,4.368244171142578,17.661041453408178,0.010871601104736329,0.00027159690856933596,7.20977783203125e-06,6.29425048828125e-07,0.0,0.0,0.0
ner,formal_e3_ms256_tner,21,attn_q_input,linear_input,512,104857600,-0.006347839976660908,0.7168857997800462,0.5578502598404884,0.45029838173653847,9.066040992736816,16.251746472842296,0.15630183219909669,0.008549184799194335,0.0004081535339355469,0.00015376091003417968,2.257347106933594e-05,5.53131103515625e-07,0.0
ner,formal_e3_ms256_tner,21,attn_v_input,linear_input,512,104857600,-0.006347839976660908,0.7168857997800462,0.5578502598404884,0.45029838173653847,9.066040992736816,16.251746472842296,0.15630183219909669,0.008549184799194335,0.0004081535339355469,0.00015376091003417968,2.257347106933594e-05,5.53131103515625e-07,0.0
ner,formal_e3_ms256_tner,21,ffn_in_input,linear_input,512,104857600,0.008041756455786525,0.8710068863811762,0.6686703330278396,0.5582093260585705,38.48991012573242,57.56186303562225,0.22843484878540038,0.01740292549133301,0.002179250717163086,0.001305227279663086,0.0005620288848876954,0.00030472755432128904,0.00016000747680664063
ner,formal_e3_ms256_tner,21,ffn_out_input,linear_input,512,419430400,-0.04086871015839279,0.23632522344788673,0.13253702960908412,0.19988446285318193,48.54302978515625,366.2601306844823,0.012226781845092773,0.0017773985862731933,0.0001852869987487793,6.843805313110352e-05,1.6655921936035156e-05,2.3937225341796873e-06,2.3770332336425783e-06
ner,formal_e3_ms256_tner,21,gelu_input,intermediate_dense_output,512,419430400,-1.2104793921113015,1.1301202888261344,1.3249420136213304,0.9934590512364695,68.22381591796875,51.491925847758026,0.6096688914299011,0.2055485463142395,0.02772214651107788,0.001752619743347168,0.00036970853805541994,0.0002821612358093262,0.0002482748031616211
ner,formal_e3_ms256_tner,22,attn_k_input,linear_input,512,104857600,-0.007579043619334698,0.6429972816593372,0.472490726262331,0.4361828283180985,9.473810195922852,20.050785484968245,0.12148624420166015,0.007329387664794922,0.00034757614135742186,0.00010359764099121093,1.7366409301757813e-05,8.296966552734375e-07,0.0
ner,formal_e3_ms256_tner,22,attn_out_input,linear_input,512,104857600,0.004821929824502149,0.24274221746846467,0.1870122304558754,0.1548336552841738,2.4633877277374268,13.172334888111239,0.002158956527709961,3.19671630859375e-05,0.0,0.0,0.0,0.0,0.0
ner,formal_e3_ms256_tner,22,attn_q_input,linear_input,512,104857600,-0.007579043619334698,0.6429972816593372,0.472490726262331,0.4361828283180985,9.473810195922852,20.050785484968245,0.12148624420166015,0.007329387664794922,0.00034757614135742186,0.00010359764099121093,1.7366409301757813e-05,8.296966552734375e-07,0.0
ner,formal_e3_ms256_tner,22,attn_v_input,linear_input,512,104857600,-0.007579043619334698,0.6429972816593372,0.472490726262331,0.4361828283180985,9.473810195922852,20.050785484968245,0.12148624420166015,0.007329387664794922,0.00034757614135742186,0.00010359764099121093,1.7366409301757813e-05,8.296966552734375e-07,0.0
ner,formal_e3_ms256_tner,22,ffn_in_input,linear_input,512,104857600,0.008374926333781332,0.8445051694290794,0.6767395144701004,0.5052551337080179,14.515717506408691,21.449490085967224,0.2398484992980957,0.013897972106933594,0.0006717586517333984,0.0003152275085449219,8.96453857421875e-05,2.829551696777344e-05,5.941390991210938e-06
ner,formal_e3_ms256_tner,22,ffn_out_input,linear_input,512,419430400,0.06415938789956271,0.42011783275362624,0.2239938146620989,0.3611678161829646,49.113426208496094,219.26242152081346,0.04942272663116455,0.0073269963264465336,0.0005445051193237305,4.425048828125e-05,3.49879264831543e-05,2.8700828552246093e-05,2.230405807495117e-05
ner,formal_e3_ms256_tner,22,gelu_input,intermediate_dense_output,512,419430400,-0.7323300822079182,1.1156317736928867,1.0762132158875466,0.7891176830668399,49.113426208496094,45.635405218465515,0.4758048105239868,0.12688644647598266,0.014844198226928711,0.0007960438728332519,0.00020792245864868165,0.00019321441650390624,0.00017790555953979493
ner,formal_e3_ms256_tner,23,attn_k_input,linear_input,512,104857600,0.004864230790408328,0.6535019630825697,0.46287701308727264,0.46133864703638205,10.314723014831543,22.283938763852085,0.13386258125305175,0.008642549514770509,0.0002265453338623047,6.30950927734375e-05,1.2559890747070312e-05,1.33514404296875e-06,1.9073486328125e-08
ner,formal_e3_ms256_tner,23,attn_out_input,linear_input,512,104857600,-0.003206229346487817,0.2812034600453626,0.21746924594044686,0.17830533620225608,2.7679953575134277,12.728215180694713,0.002698516845703125,5.30242919921875e-06,0.0,0.0,0.0,0.0,0.0
ner,formal_e3_ms256_tner,23,attn_q_input,linear_input,512,104857600,0.004864230790408328,0.6535019630825697,0.46287701308727264,0.46133864703638205,10.314723014831543,22.283938763852085,0.13386258125305175,0.008642549514770509,0.0002265453338623047,6.30950927734375e-05,1.2559890747070312e-05,1.33514404296875e-06,1.9073486328125e-08
ner,formal_e3_ms256_tner,23,attn_v_input,linear_input,512,104857600,0.004864230790408328,0.6535019630825697,0.46287701308727264,0.46133864703638205,10.314723014831543,22.283938763852085,0.13386258125305175,0.008642549514770509,0.0002265453338623047,6.30950927734375e-05,1.2559890747070312e-05,1.33514404296875e-06,1.9073486328125e-08
ner,formal_e3_ms256_tner,23,ffn_in_input,linear_input,512,104857600,0.00871470696059987,0.8653306013063452,0.6952700409293174,0.5152402991427937,18.12515640258789,26.06923257956189,0.25194701194763186,0.011867122650146484,0.0009472274780273438,0.0005468177795410156,0.00028794288635253907,0.000192413330078125,0.00011410713195800782
ner,formal_e3_ms256_tner,23,ffn_out_input,linear_input,512,419430400,0.06722926526563242,0.39816903661008407,0.22573496341705324,0.33481649020659193,4.828741550445557,21.391199118429377,0.04761894226074219,0.004935111999511719,0.00016454696655273437,5.178451538085937e-06,0.0,0.0,0.0
ner,formal_e3_ms256_tner,23,gelu_input,intermediate_dense_output,512,419430400,-0.6735421979427337,1.071456013088409,1.028170308470726,0.7379314989699581,8.685487747192383,8.447518543995841,0.4484406805038452,0.112177574634552,0.013685724735260009,0.0007640552520751953,2.913236618041992e-05,6.794929504394531e-07,0.0
dep,formal_e3_ms256_retry1,0,attn_k_input,linear_input,512,47185920,-0.02796222561996223,0.47436242951671986,0.37238816461629337,0.29517563492323523,5.790504455566406,15.549646862522897,0.03917961120605469,0.0004074732462565104,2.846188015407986e-05,1.644558376736111e-05,0.0,0.0,0.0
dep,formal_e3_ms256_retry1,0,attn_out_input,linear_input,512,47185920,7.891960623156693e-05,0.15748468164889484,0.1099606982121865,0.1127389729909158,5.789538383483887,52.65097873707622,0.0010127597384982639,2.899169921875e-05,1.0787116156684028e-05,1.0596381293402777e-05,0.0,0.0,0.0
dep,formal_e3_ms256_retry1,0,attn_q_input,linear_input,512,47185920,-0.02796222561996223,0.47436242951671986,0.37238816461629337,0.29517563492323523,5.790504455566406,15.549646862522897,0.03917961120605469,0.0004074732462565104,2.846188015407986e-05,1.644558376736111e-05,0.0,0.0,0.0
dep,formal_e3_ms256_retry1,0,attn_v_input,linear_input,512,47185920,-0.02796222561996223,0.47436242951671986,0.37238816461629337,0.29517563492323523,5.790504455566406,15.549646862522897,0.03917961120605469,0.0004074732462565104,2.846188015407986e-05,1.644558376736111e-05,0.0,0.0,0.0
dep,formal_e3_ms256_retry1,0,ffn_in_input,linear_input,512,47185920,-0.0020852318538042407,1.3599486975790642,0.8309817800919215,1.0765380111236846,112.6024169921875,135.50527784102758,0.3155030780368381,0.053755463494194876,0.01123279995388455,0.0033902062310112845,0.0007916344536675347,0.00047317081027560765,0.00038202073838975695
dep,formal_e3_ms256_retry1,0,ffn_out_input,linear_input,512,188743680,0.022174378763884305,0.3279541992773745,0.06686290960965885,0.32183071826001736,22.394256591796875,334.9279402068057,0.015196439954969618,0.004879585901896159,0.0020445399814181856,0.0011741002400716147,0.0006196604834662543,0.00018597178988986546,3.753768073187934e-05
dep,formal_e3_ms256_retry1,0,gelu_input,intermediate_dense_output,512,188743680,-3.5860428598192002,2.177849894120387,3.685815503862169,2.0043696328945204,22.81259536743164,6.189293887208283,0.905961004892985,0.7810433546702067,0.6121027045779758,0.4233873155381944,0.12694697380065917,0.020437362458970813,0.003583701451619466
dep,formal_e3_ms256_retry1,1,attn_k_input,linear_input,512,47185920,0.030615909666650825,0.6560027736208875,0.47677252093950906,0.45162477367832615,12.457542419433594,26.128901881520466,0.10005900065104166,0.00759894053141276,0.001638031005859375,0.001393572489420573,0.0003257963392469618,0.0002224180433485243,0.00012613932291666668
dep,formal_e3_ms256_retry1,1,attn_out_input,linear_input,512,47185920,0.00041131649413728155,0.17563309754194226,0.09983339164819982,0.1445006852767588,3.5694267749786377,35.75383662769711,0.0036148918999565974,0.0005456924438476563,0.00015519460042317707,0.0,0.0,0.0,0.0
dep,formal_e3_ms256_retry1,1,attn_q_input,linear_input,512,47185920,0.030615909666650825,0.6560027736208875,0.47677252093950906,0.45162477367832615,12.457542419433594,26.128901881520466,0.10005900065104166,0.00759894053141276,0.001638031005859375,0.001393572489420573,0.0003257963392469618,0.0002224180433485243,0.00012613932291666668
dep,formal_e3_ms256_retry1,1,attn_v_input,linear_input,512,47185920,0.030615909666650825,0.6560027736208875,0.47677252093950906,0.45162477367832615,12.457542419433594,26.128901881520466,0.10005900065104166,0.00759894053141276,0.001638031005859375,0.001393572489420573,0.0003257963392469618,0.0002224180433485243,0.00012613932291666668
dep,formal_e3_ms256_retry1,1,ffn_in_input,linear_input,512,47185920,0.02378075881343749,1.684334111039485,0.772186036573516,1.49708905781246,93.62226867675781,121.2431515754876,0.2631969239976671,0.03943269517686632,0.008259328206380208,0.0037737740410698785,0.0015613767835828993,0.0009754180908203125,0.0009740829467773437
dep,formal_e3_ms256_retry1,1,ffn_out_input,linear_input,512,188743680,-0.009469523006636235,0.20149519066218055,0.03394761243835091,0.1988404972225156,10.571749687194824,311.4136437840273,0.0033925374348958335,0.0011978891160753038,0.0006548828548855252,0.0005223698086208767,0.00037368138631184894,0.00018322732713487412,6.039937337239583e-07
dep,formal_e3_ms256_retry1,1,gelu_input,intermediate_dense_output,512,188743680,-3.4061329351531136,1.610578957496991,3.433887068430583,1.550524347287742,13.73824691772461,4.000785886066868,0.9420938332875569,0.8194876088036431,0.6014334148830838,0.34855593045552574,0.05151312616136339,0.004549566904703776,0.00040765868292914496
dep,formal_e3_ms256_retry1,2,attn_k_input,linear_input,512,47185920,0.01830935306950576,0.6135412664609232,0.3986967517269982,0.4667001373715652,13.237276077270508,33.201364244709325,0.05794745551215278,0.0030734168158637154,0.0010107464260525174,0.0009752909342447916,0.000960646735297309,0.0008857938978407118,0.0007648891872829861
dep,formal_e3_ms256_retry1,2,attn_out_input,linear_input,512,47185920,0.0006058864207362704,0.13869364701880812,0.08868952333513233,0.10663237441002424,3.459602117538452,39.00801343204434,0.0016960991753472222,7.254282633463541e-05,2.1192762586805556e-06,0.0,0.0,0.0,0.0
dep,formal_e3_ms256_retry1,2,attn_q_input,linear_input,512,47185920,0.01830935306950576,0.6135412664609232,0.3986967517269982,0.4667001373715652,13.237276077270508,33.201364244709325,0.05794745551215278,0.0030734168158637154,0.0010107464260525174,0.0009752909342447916,0.000960646735297309,0.0008857938978407118,0.0007648891872829861
dep,formal_e3_ms256_retry1,2,attn_v_input,linear_input,512,47185920,0.01830935306950576,0.6135412664609232,0.3986967517269982,0.4667001373715652,13.237276077270508,33.201364244709325,0.05794745551215278,0.0030734168158637154,0.0010107464260525174,0.0009752909342447916,0.000960646735297309,0.0008857938978407118,0.0007648891872829861
dep,formal_e3_ms256_retry1,2,ffn_in_input,linear_input,512,47185920,0.033226818363699645,1.975661075557406,0.6999750458531909,1.84780292296393,91.1944351196289,130.28240886569483,0.2086600833468967,0.02399232652452257,0.00518347422281901,0.002090687221950955,0.001252322726779514,0.0009765625,0.0009765625
dep,formal_e3_ms256_retry1,2,ffn_out_input,linear_input,512,188743680,-0.013550136926480466,0.15043165828949182,0.03978022418709265,0.1457080086682865,10.086350440979004,253.55187526197219,0.003916692733764648,0.0013703293270534939,0.00048541492886013457,9.640057881673177e-05,4.1113959418402776e-06,6.092919243706597e-07,1.536475287543403e-07
dep,formal_e3_ms256_retry1,2,gelu_input,intermediate_dense_output,512,188743680,-2.959420755174425,1.3809326094515308,2.9904019448492263,1.3124946804637885,13.38595962524414,4.476307824873038,0.9225628852844239,0.7764303578270806,0.5051362461513943,0.21911741892496744,0.011588297949896919,0.00040384398566351996,1.7627080281575522e-05
dep,formal_e3_ms256_retry1,3,attn_k_input,linear_input,512,47185920,0.015167905855923891,0.5700197821073899,0.33207949896653494,0.4635470027170336,13.659424781799316,41.13299623827677,0.03390589820014106,0.0019404093424479167,0.0009928809271918403,0.0009771982828776042,0.0009724934895833333,0.0009448581271701389,0.0008381313747829861
dep,formal_e3_ms256_retry1,3,attn_out_input,linear_input,512,47185920,-0.0003636202635486067,0.1608059985774355,0.09468918095032373,0.12997176773876354,2.581599235534668,27.263930362741633,0.003111669752332899,5.3172641330295136e-05,0.0,0.0,0.0,0.0,0.0
dep,formal_e3_ms256_retry1,3,attn_q_input,linear_input,512,47185920,0.015167905855923891,0.5700197821073899,0.33207949896653494,0.4635470027170336,13.659424781799316,41.13299623827677,0.03390589820014106,0.0019404093424479167,0.0009928809271918403,0.0009771982828776042,0.0009724934895833333,0.0009448581271701389,0.0008381313747829861
dep,formal_e3_ms256_retry1,3,attn_v_input,linear_input,512,47185920,0.015167905855923891,0.5700197821073899,0.33207949896653494,0.4635470027170336,13.659424781799316,41.13299623827677,0.03390589820014106,0.0019404093424479167,0.0009928809271918403,0.0009771982828776042,0.0009724934895833333,0.0009448581271701389,0.0008381313747829861
dep,formal_e3_ms256_retry1,3,ffn_in_input,linear_input,512,47185920,0.03722796343887846,1.9870990663614125,0.6372252052028974,1.8825229503648366,81.84396362304688,128.43805134322508,0.1674069086710612,0.014776590135362413,0.0028108596801757813,0.001682938469780816,0.00097755855984158,0.0009765625,0.0009765625
dep,formal_e3_ms256_retry1,3,ffn_out_input,linear_input,512,188743680,-0.019049097519988813,0.11547441025724298,0.035149708452324076,0.11163200946099969,6.746603012084961,191.9390888045582,0.0024023109012179904,0.000752507315741645,0.000189616945054796,2.9198328653971355e-05,8.053249782986111e-07,0.0,0.0
dep,formal_e3_ms256_retry1,3,gelu_input,intermediate_dense_output,512,188743680,-2.840290790134006,1.1896856170881696,2.859606541527642,1.1424771628697148,9.886877059936523,3.457425669006483,0.9353026125166152,0.7817585468292236,0.46250126096937394,0.15300048722161186,0.003086068895128038,2.9680464002821182e-05,0.0
dep,formal_e3_ms256_retry1,4,attn_k_input,linear_input,512,47185920,0.01061794415840672,0.5035724796608693,0.3117955184645123,0.39557747367032114,10.59374713897705,33.97658565186466,0.028584776984320746,0.001665602789984809,0.0009861204359266492,0.0009771982828776042,0.0009646097819010417,0.0008375803629557292,0.0003440009223090278
dep,formal_e3_ms256_retry1,4,attn_out_input,linear_input,512,47185920,0.0022534663811610597,0.11809171521418653,0.07963932835393482,0.08722561947211216,2.8019139766693115,35.18254152291422,0.0007434209187825521,5.806816948784722e-06,0.0,0.0,0.0,0.0,0.0
dep,formal_e3_ms256_retry1,4,attn_q_input,linear_input,512,47185920,0.01061794415840672,0.5035724796608693,0.3117955184645123,0.39557747367032114,10.59374713897705,33.97658565186466,0.028584776984320746,0.001665602789984809,0.0009861204359266492,0.0009771982828776042,0.0009646097819010417,0.0008375803629557292,0.0003440009223090278
dep,formal_e3_ms256_retry1,4,attn_v_input,linear_input,512,47185920,0.01061794415840672,0.5035724796608693,0.3117955184645123,0.39557747367032114,10.59374713897705,33.97658565186466,0.028584776984320746,0.001665602789984809,0.0009861204359266492,0.0009771982828776042,0.0009646097819010417,0.0008375803629557292,0.0003440009223090278
dep,formal_e3_ms256_retry1,4,ffn_in_input,linear_input,512,47185920,0.04110631490540173,1.9532827099096868,0.6544630593723721,1.8408370861850285,81.53179931640625,124.57815326444089,0.17871288723415799,0.014651785956488715,0.00286818610297309,0.001868332756890191,0.0016269259982638889,0.0015836927625868056,0.0012800852457682292
dep,formal_e3_ms256_retry1,4,ffn_out_input,linear_input,512,188743680,-0.02753082590384616,0.17325629129232814,0.05233836267143488,0.16744068991793273,13.194751739501953,252.10478635594302,0.0034019046359592014,0.0009607844882541232,0.0003730138142903646,0.00021138191223144532,0.00015383296542697481,0.00010341008504231771,4.163318210177952e-05
dep,formal_e3_ms256_retry1,4,gelu_input,intermediate_dense_output,512,188743680,-2.4408482240306006,1.1755209903155037,2.4704107377264233,1.1120523541415077,13.194751739501953,5.341116575474972,0.8977133221096463,0.6667755020989312,0.31471164491441517,0.08165594736735025,0.0019376489851209852,0.00012887318929036458,4.163318210177952e-05
dep,formal_e3_ms256_retry1,5,attn_k_input,linear_input,512,47185920,0.009353055885165102,0.4515908760487538,0.26952199240525565,0.36246337000416096,8.33072280883789,30.909250612513066,0.03335874345567491,0.00273537105984158,0.00155029296875,0.0009730445014105903,0.000861358642578125,2.312130398220486e-05,0.0
dep,formal_e3_ms256_retry1,5,attn_out_input,linear_input,512,47185920,0.0015163161186946025,0.11141160504116443,0.07128163402279218,0.08563745444290684,3.1591620445251465,44.319439191236974,0.0010222752888997396,4.393259684244792e-05,5.7220458984375e-07,0.0,0.0,0.0,0.0
dep,formal_e3_ms256_retry1,5,attn_q_input,linear_input,512,47185920,0.009353055885165102,0.4515908760487538,0.26952199240525565,0.36246337000416096,8.33072280883789,30.909250612513066,0.03335874345567491,0.00273537105984158,0.00155029296875,0.0009730445014105903,0.000861358642578125,2.312130398220486e-05,0.0
dep,formal_e3_ms256_retry1,5,attn_v_input,linear_input,512,47185920,0.009353055885165102,0.4515908760487538,0.26952199240525565,0.36246337000416096,8.33072280883789,30.909250612513066,0.03335874345567491,0.00273537105984158,0.00155029296875,0.0009730445014105903,0.000861358642578125,2.312130398220486e-05,0.0
dep,formal_e3_ms256_retry1,5,ffn_in_input,linear_input,512,47185920,0.051053279327849546,2.018001951395531,0.62712715168794,1.9187625827032566,72.82990264892578,116.13259361024464,0.14890653822157118,0.014770211113823786,0.003849029541015625,0.0027322557237413193,0.001953125,0.001755184597439236,0.0016761144002278646
dep,formal_e3_ms256_retry1,5,ffn_out_input,linear_input,512,188743680,-0.02461197298641006,0.1258180684405985,0.04485006442086564,0.12010165395135536,10.510263442993164,234.34221508282747,0.0028832594553629557,0.0007141219245062934,0.00019248856438530817,4.782146877712674e-05,5.3829616970486115e-06,2.7126736111111112e-06,1.9073486328125e-07
dep,formal_e3_ms256_retry1,5,gelu_input,intermediate_dense_output,512,188743680,-2.5851662874221804,1.1788792396316832,2.609824945529302,1.123234057955745,10.510263442993164,4.027190965814592,0.9117265966203477,0.712807051340739,0.3678175290425619,0.10538780954149034,0.0015458530849880641,1.6265445285373265e-05,1.9073486328125e-07
dep,formal_e3_ms256_retry1,6,attn_k_input,linear_input,512,47185920,0.006892948977959653,0.4410419913264076,0.278608796497186,0.34196884269354916,6.163660049438477,22.122991545605167,0.039601368374294704,0.004157829284667969,0.0009956995646158854,0.0007539749145507813,7.735358344184027e-06,0.0,0.0
dep,formal_e3_ms256_retry1,6,attn_out_input,linear_input,512,47185920,0.0007061454806211663,0.11559095458512049,0.07975764330476523,0.08366890556120013,2.956204414367676,37.06484158604838,0.0005365583631727431,9.028116861979167e-06,0.0,0.0,0.0,0.0,0.0
dep,formal_e3_ms256_retry1,6,attn_q_input,linear_input,512,47185920,0.006892948977959653,0.4410419913264076,0.278608796497186,0.34196884269354916,6.163660049438477,22.122991545605167,0.039601368374294704,0.004157829284667969,0.0009956995646158854,0.0007539749145507813,7.735358344184027e-06,0.0,0.0
dep,formal_e3_ms256_retry1,6,attn_v_input,linear_input,512,47185920,0.006892948977959653,0.4410419913264076,0.278608796497186,0.34196884269354916,6.163660049438477,22.122991545605167,0.039601368374294704,0.004157829284667969,0.0009956995646158854,0.0007539749145507813,7.735358344184027e-06,0.0,0.0
dep,formal_e3_ms256_retry1,6,ffn_in_input,linear_input,512,47185920,0.03241232910917865,1.9587957453293736,0.6848148842652638,1.8354726653610214,78.81559753417969,115.09036871875345,0.18818145328097874,0.01972902086046007,0.004529698689778646,0.0031516604953342013,0.0027994791666666667,0.00263413323296441,0.0024964014689127603
dep,formal_e3_ms256_retry1,6,ffn_out_input,linear_input,512,188743680,-0.02159906425513327,0.12964811437121365,0.0411449926905334,0.12482885368857884,7.508446216583252,182.48748451742435,0.0031919956207275392,0.000914568371242947,0.0002331309848361545,4.932615492078993e-05,4.344516330295139e-06,0.0,0.0
dep,formal_e3_ms256_retry1,6,gelu_input,intermediate_dense_output,512,188743680,-2.740538391139772,1.225096575273004,2.7635922412077587,1.1721647565051985,11.499069213867188,4.160913843368516,0.926619577407837,0.7435452673170302,0.42000404993693036,0.1440766387515598,0.003552383846706814,4.977650112575955e-05,1.3563368055555556e-06
dep,formal_e3_ms256_retry1,7,attn_k_input,linear_input,512,47185920,-0.002681211340273472,0.5140528588021521,0.3162481209470166,0.40527109017841095,13.999836921691895,44.268522069850945,0.04517307281494141,0.003831503126356337,0.0017073101467556424,0.0009785546196831598,0.0009229871961805555,0.00030534532335069447,0.00010840098063151042
dep,formal_e3_ms256_retry1,7,attn_out_input,linear_input,512,47185920,-0.004410326566883466,0.13121811371623243,0.09602619850387176,0.0895355434928927,3.2929816246032715,34.29253345346686,0.00045901404486762155,1.087188720703125e-05,6.357828776041666e-07,0.0,0.0,0.0,0.0
dep,formal_e3_ms256_retry1,7,attn_q_input,linear_input,512,47185920,-0.002681211340273472,0.5140528588021521,0.3162481209470166,0.40527109017841095,13.999836921691895,44.268522069850945,0.04517307281494141,0.003831503126356337,0.0017073101467556424,0.0009785546196831598,0.0009229871961805555,0.00030534532335069447,0.00010840098063151042
dep,formal_e3_ms256_retry1,7,attn_v_input,linear_input,512,47185920,-0.002681211340273472,0.5140528588021521,0.3162481209470166,0.40527109017841095,13.999836921691895,44.268522069850945,0.04517307281494141,0.003831503126356337,0.0017073101467556424,0.0009785546196831598,0.0009229871961805555,0.00030534532335069447,0.00010840098063151042
dep,formal_e3_ms256_retry1,7,ffn_in_input,linear_input,512,47185920,-0.021711442034898533,1.7982330315206851,0.6522630512714386,1.6759076150890242,67.80257415771484,103.94973933530213,0.17599330478244357,0.016563224792480468,0.0033260345458984374,0.00209556155734592,0.0018081241183810764,0.0017001893785264757,0.0016575283474392361
dep,formal_e3_ms256_retry1,7,ffn_out_input,linear_input,512,188743680,-0.030820339266210795,0.1293527549298973,0.04979596854084068,0.12329797256045215,20.150890350341797,404.669111593137,0.0029242886437310114,0.0007733927832709418,0.00018150011698404948,4.187160068088108e-05,4.058414035373264e-06,2.7126736111111112e-06,2.7126736111111112e-06
dep,formal_e3_ms256_retry1,7,gelu_input,intermediate_dense_output,512,188743680,-2.44437938729922,1.1253743026009575,2.4671078350808884,1.0746333514694173,20.150890350341797,8.16781904050056,0.9129485236273871,0.6653993553585477,0.30167329576280383,0.0756028758154975,0.0021622816721598307,0.00032591289944118926,3.7739011976453994e-05
dep,formal_e3_ms256_retry1,8,attn_k_input,linear_input,512,47185920,-0.006932551799238556,0.5556360365677193,0.3340940862066216,0.4440277096858884,12.904354095458984,38.62491025201279,0.03713143666585286,0.002449226379394531,0.0010509490966796875,0.0009893417358398438,0.0009710523817274305,0.0009138319227430555,0.0007870780097113715
dep,formal_e3_ms256_retry1,8,attn_out_input,linear_input,512,47185920,-0.0021757664081532213,0.1318292402001101,0.09452733600305187,0.09191444543360587,2.7258965969085693,28.83712492247282,0.0006388346354166667,7.523430718315973e-06,0.0,0.0,0.0,0.0,0.0
dep,formal_e3_ms256_retry1,8,attn_q_input,linear_input,512,47185920,-0.006932551799238556,0.5556360365677193,0.3340940862066216,0.4440277096858884,12.904354095458984,38.62491025201279,0.03713143666585286,0.002449226379394531,0.0010509490966796875,0.0009893417358398438,0.0009710523817274305,0.0009138319227430555,0.0007870780097113715
dep,formal_e3_ms256_retry1,8,attn_v_input,linear_input,512,47185920,-0.006932551799238556,0.5556360365677193,0.3340940862066216,0.4440277096858884,12.904354095458984,38.62491025201279,0.03713143666585286,0.002449226379394531,0.0010509490966796875,0.0009893417358398438,0.0009710523817274305,0.0009138319227430555,0.0007870780097113715
dep,formal_e3_ms256_retry1,8,ffn_in_input,linear_input,512,47185920,-0.03853161656815145,1.8430805201330385,0.6274316900306278,1.733424346060288,68.13021850585938,108.5858741093132,0.16377167171902127,0.01429954104953342,0.002383719550238715,0.0012037065294053819,0.0009908676147460938,0.0009874131944444444,0.0009874131944444444
dep,formal_e3_ms256_retry1,8,ffn_out_input,linear_input,512,188743680,-0.04147186466596193,0.15538971872633695,0.07066429706497325,0.1444729641318236,12.738192558288574,180.2634864757272,0.004368241628011068,0.0011906570858425565,0.00026298628913031685,7.63204362657335e-05,7.226732042100694e-06,2.7126736111111112e-06,2.7126736111111112e-06
dep,formal_e3_ms256_retry1,8,gelu_input,intermediate_dense_output,512,188743680,-2.0658010992738935,1.1117337500464413,2.101025871435801,1.043636143639622,12.738192558288574,6.062844218849878,0.8522732363806831,0.5218111038208008,0.18379093805948893,0.041562859217325845,0.0016164249844021266,0.0002444267272949219,5.5726369222005205e-05
dep,formal_e3_ms256_retry1,9,attn_k_input,linear_input,512,47185920,-0.012971366393483348,0.6459525206907495,0.3619068635834588,0.5352068174304498,15.721183776855469,43.439860800622895,0.0416629155476888,0.0028690550062391495,0.0010971281263563368,0.000991164313422309,0.0009874131944444444,0.0009860356648763021,0.000963698493109809
dep,formal_e3_ms256_retry1,9,attn_out_input,linear_input,512,47185920,-0.0009405575888700292,0.19073376392434926,0.11913552060723305,0.14895294921206134,3.3541347980499268,28.153944188550327,0.005208418104383681,0.0001770655314127604,3.581576877170139e-06,0.0,0.0,0.0,0.0
dep,formal_e3_ms256_retry1,9,attn_q_input,linear_input,512,47185920,-0.012971366393483348,0.6459525206907495,0.3619068635834588,0.5352068174304498,15.721183776855469,43.439860800622895,0.0416629155476888,0.0028690550062391495,0.0010971281263563368,0.000991164313422309,0.0009874131944444444,0.0009860356648763021,0.000963698493109809
dep,formal_e3_ms256_retry1,9,attn_v_input,linear_input,512,47185920,-0.012971366393483348,0.6459525206907495,0.3619068635834588,0.5352068174304498,15.721183776855469,43.439860800622895,0.0416629155476888,0.0028690550062391495,0.0010971281263563368,0.000991164313422309,0.0009874131944444444,0.0009860356648763021,0.000963698493109809
dep,formal_e3_ms256_retry1,9,ffn_in_input,linear_input,512,47185920,-0.03945859829998678,1.8358004261261507,0.5778419137001037,1.7429339942511184,65.34416961669922,113.0831254491041,0.133290163675944,0.010566541883680556,0.002093421088324653,0.0011561287773980034,0.0009899775187174479,0.0009874131944444444,0.0009874131944444444
dep,formal_e3_ms256_retry1,9,ffn_out_input,linear_input,512,188743680,-0.04847633371957474,0.15739220710765317,0.08316367930836148,0.1421480363318677,11.136116027832031,133.9060046458572,0.004052045610215929,0.0009212440914577908,0.0003027227189805773,7.672309875488282e-05,5.351172553168402e-06,2.7126736111111112e-06,2.7126736111111112e-06
dep,formal_e3_ms256_retry1,9,gelu_input,intermediate_dense_output,512,188743680,-1.845399237341351,1.1168698956155452,1.8890323175324335,1.0413710252500608,15.093878746032715,7.990270259510032,0.790416865878635,0.4302740150027805,0.14160944090949165,0.032907030317518446,0.0008300145467122396,6.279415554470487e-05,1.4326307508680555e-05
dep,formal_e3_ms256_retry1,10,attn_k_input,linear_input,512,47185920,-0.009251472434132463,0.6277101937328243,0.3430244954095946,0.5257754963929875,15.481039047241211,45.13100158854777,0.03355450100368924,0.002152676052517361,0.001037152608235677,0.000988663567437066,0.0009874131944444444,0.0009874131944444444,0.0009802924262152777
dep,formal_e3_ms256_retry1,10,attn_out_input,linear_input,512,47185920,0.0018033547302669225,0.2073676439503536,0.13362652916047307,0.15858292010909947,3.1900572776794434,23.872933748421172,0.004638989766438802,9.174346923828125e-05,2.1616617838541666e-06,0.0,0.0,0.0,0.0
dep,formal_e3_ms256_retry1,10,attn_q_input,linear_input,512,47185920,-0.009251472434132463,0.6277101937328243,0.3430244954095946,0.5257754963929875,15.481039047241211,45.13100158854777,0.03355450100368924,0.002152676052517361,0.001037152608235677,0.000988663567437066,0.0009874131944444444,0.0009874131944444444,0.0009802924262152777
dep,formal_e3_ms256_retry1,10,attn_v_input,linear_input,512,47185920,-0.009251472434132463,0.6277101937328243,0.3430244954095946,0.5257754963929875,15.481039047241211,45.13100158854777,0.03355450100368924,0.002152676052517361,0.001037152608235677,0.000988663567437066,0.0009874131944444444,0.0009874131944444444,0.0009802924262152777
dep,formal_e3_ms256_retry1,10,ffn_in_input,linear_input,512,47185920,-0.03152645374130872,1.5864423423639427,0.5534410253167152,1.4871100344046768,63.65007400512695,115.00787092663073,0.1223939471774631,0.009203190273708767,0.0018592622545030382,0.001076719495985243,0.0009995354546440973,0.0009897232055664062,0.0009874131944444444
dep,formal_e3_ms256_retry1,10,ffn_out_input,linear_input,512,188743680,-0.048094001981533234,0.1478469462590997,0.08238625242892239,0.13184937601467334,6.268275737762451,76.08400131041668,0.003930584589640299,0.0006598048739963108,0.00013875431484646267,3.0946731567382815e-05,1.7484029134114582e-07,0.0,0.0
dep,formal_e3_ms256_retry1,10,gelu_input,intermediate_dense_output,512,188743680,-1.840085067351659,1.1033599181256148,1.8836647636360593,1.0271919111113719,30.020870208740234,15.937480377766695,0.7924107975429959,0.4331508689456516,0.13573847876654732,0.02800201310051812,0.0010638713836669921,0.00017983118693033854,4.276169670952691e-05
dep,formal_e3_ms256_retry1,11,attn_k_input,linear_input,512,47185920,0.006374824109176795,0.703158071515942,0.36925747071703274,0.5984319779558085,18.329971313476562,49.64008250904985,0.0394375483194987,0.002079455057779948,0.0010165744357638889,0.0009880489773220486,0.0009874131944444444,0.0009867350260416667,0.0009765625
dep,formal_e3_ms256_retry1,11,attn_out_input,linear_input,512,47185920,0.0018325593886806422,0.20966655599827283,0.1370175465113587,0.15871236538498684,3.5164270401000977,25.664063688431227,0.004744275410970052,8.307562934027778e-05,1.6318427191840277e-06,0.0,0.0,0.0,0.0
dep,formal_e3_ms256_retry1,11,attn_q_input,linear_input,512,47185920,0.006374824109176795,0.703158071515942,0.36925747071703274,0.5984319779558085,18.329971313476562,49.64008250904985,0.0394375483194987,0.002079455057779948,0.0010165744357638889,0.0009880489773220486,0.0009874131944444444,0.0009867350260416667,0.0009765625
dep,formal_e3_ms256_retry1,11,attn_v_input,linear_input,512,47185920,0.006374824109176795,0.703158071515942,0.36925747071703274,0.5984319779558085,18.329971313476562,49.64008250904985,0.0394375483194987,0.002079455057779948,0.0010165744357638889,0.0009880489773220486,0.0009874131944444444,0.0009867350260416667,0.0009765625
dep,formal_e3_ms256_retry1,11,ffn_in_input,linear_input,512,47185920,-0.027786258121745455,1.4999229945762074,0.5415485201610459,1.3990233257920495,73.95744323730469,136.56660573148864,0.11475323571099175,0.007934315999348959,0.0020396338568793404,0.0012278662787543403,0.0010096020168728298,0.000995212131076389,0.0009874131944444444
dep,formal_e3_ms256_retry1,11,ffn_out_input,linear_input,512,188743680,-0.04587761177163985,0.1513699641757252,0.0806385579208533,0.13606999776907042,9.223047256469727,114.3751512213567,0.004043086369832357,0.0008177704281277126,0.00018129878573947483,3.326733907063802e-05,3.703435262044271e-06,3.7087334526909723e-07,0.0
dep,formal_e3_ms256_retry1,11,gelu_input,intermediate_dense_output,512,188743680,-1.8812619633144803,1.1333770600886983,1.9252404352029164,1.0569481546456472,31.582284927368164,16.404332856243723,0.7974752532111273,0.4491654766930474,0.14863076739841038,0.03389187388949924,0.0014611985948350694,0.0001843187544080946,5.404684278700087e-05
dep,formal_e3_ms256_retry1,12,attn_k_input,linear_input,512,47185920,0.007861264352686703,0.6997175503124753,0.37579688330491384,0.5902907353083117,17.98000717163086,47.845014076506466,0.039681964450412326,0.0017522811889648438,0.0009948094685872397,0.0009881549411349826,0.0009765625,0.0009765625,0.0009765625
dep,formal_e3_ms256_retry1,12,attn_out_input,linear_input,512,47185920,0.0019971247243019104,0.18572457447566995,0.12495057255857521,0.13742256178887557,3.077592134475708,24.630476447260556,0.0019429736667209202,9.112887912326389e-06,6.357828776041666e-07,0.0,0.0,0.0,0.0
dep,formal_e3_ms256_retry1,12,attn_q_input,linear_input,512,47185920,0.007861264352686703,0.6997175503124753,0.37579688330491384,0.5902907353083117,17.98000717163086,47.845014076506466,0.039681964450412326,0.0017522811889648438,0.0009948094685872397,0.0009881549411349826,0.0009765625,0.0009765625,0.0009765625
dep,formal_e3_ms256_retry1,12,attn_v_input,linear_input,512,47185920,0.007861264352686703,0.6997175503124753,0.37579688330491384,0.5902907353083117,17.98000717163086,47.845014076506466,0.039681964450412326,0.0017522811889648438,0.0009948094685872397,0.0009881549411349826,0.0009765625,0.0009765625,0.0009765625
dep,formal_e3_ms256_retry1,12,ffn_in_input,linear_input,512,47185920,-0.028395705721858476,1.433268678405295,0.5478107106354502,1.324752371545032,74.02445983886719,135.12780674368378,0.12057162390814888,0.007716263665093316,0.0020559946695963543,0.0012724346584743924,0.001006105211046007,0.0009956571790907117,0.0009874131944444444
dep,formal_e3_ms256_retry1,12,ffn_out_input,linear_input,512,188743680,-0.04255768262470762,0.15277704260576652,0.07949332263734606,0.1372326227754332,7.639223575592041,96.09893412611143,0.004637320836385091,0.0006710370381673177,0.00011568599277072483,2.959569295247396e-05,6.993611653645833e-06,0.0,0.0
dep,formal_e3_ms256_retry1,12,gelu_input,intermediate_dense_output,512,188743680,-1.8948748668034872,1.114015944434687,1.9414842797650231,1.0306410998614068,35.9661865234375,18.52509798729376,0.8058984120686848,0.46624100473192004,0.14825632837083605,0.027914179695977107,0.001038005616929796,5.909072028266059e-05,2.9892391628689237e-05
dep,formal_e3_ms256_retry1,13,attn_k_input,linear_input,512,47185920,0.0040235817949805,0.6798032740508554,0.3831939180692037,0.5615256911090495,16.80669403076172,43.85950099481088,0.04227581024169922,0.0015959209865993923,0.0009971194797092015,0.0009899563259548611,0.0009765625,0.0009765625,0.0009759267171223959
dep,formal_e3_ms256_retry1,13,attn_out_input,linear_input,512,47185920,-0.0009168714097338832,0.2059297692724799,0.13675736346178585,0.15396536644576858,3.936372995376587,28.78362740940475,0.002677663167317708,3.632439507378472e-05,2.5431315104166665e-06,0.0,0.0,0.0,0.0
dep,formal_e3_ms256_retry1,13,attn_q_input,linear_input,512,47185920,0.0040235817949805,0.6798032740508554,0.3831939180692037,0.5615256911090495,16.80669403076172,43.85950099481088,0.04227581024169922,0.0015959209865993923,0.0009971194797092015,0.0009899563259548611,0.0009765625,0.0009765625,0.0009759267171223959
dep,formal_e3_ms256_retry1,13,attn_v_input,linear_input,512,47185920,0.0040235817949805,0.6798032740508554,0.3831939180692037,0.5615256911090495,16.80669403076172,43.85950099481088,0.04227581024169922,0.0015959209865993923,0.0009971194797092015,0.0009899563259548611,0.0009765625,0.0009765625,0.0009759267171223959
dep,formal_e3_ms256_retry1,13,ffn_in_input,linear_input,512,47185920,-0.02462250307823221,1.2953462318661426,0.5672987815406587,1.1647747509841275,80.312744140625,141.5704506230619,0.13509298960367838,0.009456380208333334,0.002712673611111111,0.0017538070678710938,0.001064639621310764,0.0010090086195203992,0.001004367404513889
dep,formal_e3_ms256_retry1,13,ffn_out_input,linear_input,512,188743680,-0.03953752209328943,0.18690664992362865,0.08870468029959334,0.16920044660667466,10.202743530273438,115.01922441763438,0.006860653559366862,0.0014009210798475477,0.00036903487311469184,8.970896402994791e-05,9.42018296983507e-06,3.963046603732639e-06,1.9073486328125e-07
dep,formal_e3_ms256_retry1,13,gelu_input,intermediate_dense_output,512,188743680,-1.8166636731889514,1.139489413131196,1.8770905150307549,1.036935013635872,16.921905517578125,9.01496511866444,0.7830193890465631,0.43586724599202475,0.1390811390346951,0.027250840928819443,0.0011665503184000651,9.9945068359375e-05,1.0665257771809896e-05
dep,formal_e3_ms256_retry1,14,attn_k_input,linear_input,512,47185920,0.009513534232974052,0.6525981460349953,0.42436755978398855,0.49586996455209703,13.10469913482666,30.880539364265285,0.060812950134277344,0.0029429329766167533,0.0017153633965386285,0.0012452231513129341,0.0009765625,0.0009660085042317708,0.0009051852756076389
dep,formal_e3_ms256_retry1,14,attn_out_input,linear_input,512,47185920,0.0016072589563312552,0.18684859450371194,0.12027806991504299,0.14299708544889056,3.3321332931518555,27.703581338688497,0.0027435514662000867,4.861619737413194e-05,4.450480143229167e-07,0.0,0.0,0.0,0.0
dep,formal_e3_ms256_retry1,14,attn_q_input,linear_input,512,47185920,0.009513534232974052,0.6525981460349953,0.42436755978398855,0.49586996455209703,13.10469913482666,30.880539364265285,0.060812950134277344,0.0029429329766167533,0.0017153633965386285,0.0012452231513129341,0.0009765625,0.0009660085042317708,0.0009051852756076389
dep,formal_e3_ms256_retry1,14,attn_v_input,linear_input,512,47185920,0.009513534232974052,0.6525981460349953,0.42436755978398855,0.49586996455209703,13.10469913482666,30.880539364265285,0.060812950134277344,0.0029429329766167533,0.0017153633965386285,0.0012452231513129341,0.0009765625,0.0009660085042317708,0.0009051852756076389
dep,formal_e3_ms256_retry1,14,ffn_in_input,linear_input,512,47185920,-0.023806910558293263,1.1749753987723177,0.6147218982378642,1.001624153331645,75.33306121826172,122.54819851742437,0.16710262298583983,0.012625694274902344,0.0032654868231879342,0.0024293475680881075,0.00201057857937283,0.001873228285047743,0.0017240948147243924
dep,formal_e3_ms256_retry1,14,ffn_out_input,linear_input,512,188743680,-0.0313749632694655,0.19232979106931503,0.08497071137858761,0.17537136328586672,11.321428298950195,133.2391845998263,0.007471492555406359,0.001563474867078993,0.0003741900126139323,6.0224533081054686e-05,6.320741441514757e-06,4.9061245388454865e-06,3.5179985894097224e-06
dep,formal_e3_ms256_retry1,14,gelu_input,intermediate_dense_output,512,188743680,-1.918785254822837,1.1909725826836268,1.9844524284203848,1.078007934185127,11.321428298950195,5.705064095671974,0.7979792382982042,0.48317083252800835,0.17452131907145182,0.036212619145711264,0.0007954173617892795,4.4610765245225695e-05,3.85178460015191e-06
dep,formal_e3_ms256_retry1,15,attn_k_input,linear_input,512,47185920,0.005475042584455676,0.6694204599169249,0.46624251190159055,0.4803869776985884,13.804983139038086,29.609018454224298,0.08498494890001085,0.0033243815104166668,0.0010522206624348958,0.0009973314073350695,0.0009685516357421875,0.0008601082695855035,0.0006330913967556424
dep,formal_e3_ms256_retry1,15,attn_out_input,linear_input,512,47185920,0.004950261923174063,0.22944540237024044,0.13908904766043026,0.18254844448218158,3.786186695098877,27.221314393800522,0.008090760972764757,0.00013054741753472222,5.594889322916666e-06,0.0,0.0,0.0,0.0
dep,formal_e3_ms256_retry1,15,attn_q_input,linear_input,512,47185920,0.005475042584455676,0.6694204599169249,0.46624251190159055,0.4803869776985884,13.804983139038086,29.609018454224298,0.08498494890001085,0.0033243815104166668,0.0010522206624348958,0.0009973314073350695,0.0009685516357421875,0.0008601082695855035,0.0006330913967556424
dep,formal_e3_ms256_retry1,15,attn_v_input,linear_input,512,47185920,0.005475042584455676,0.6694204599169249,0.46624251190159055,0.4803869776985884,13.804983139038086,29.609018454224298,0.08498494890001085,0.0033243815104166668,0.0010522206624348958,0.0009973314073350695,0.0009685516357421875,0.0008601082695855035,0.0006330913967556424
dep,formal_e3_ms256_retry1,15,ffn_in_input,linear_input,512,47185920,-0.026869145366880627,1.3318037516934413,0.6520434568325678,1.1615775972354614,56.15774917602539,86.12577672172795,0.19420572916666667,0.016634432474772136,0.0023106892903645834,0.0011150572035047743,0.0010131624009874132,0.0010079065958658853,0.0009990480211046007
dep,formal_e3_ms256_retry1,15,ffn_out_input,linear_input,512,188743680,-0.02003041750544475,0.2558293180742704,0.10074866554803319,0.2360075507310713,9.809017181396484,97.3612615913003,0.012453974617852106,0.003490559260050456,0.0010239336225721571,0.0003204186757405599,6.184577941894531e-05,3.258387247721354e-06,0.0
dep,formal_e3_ms256_retry1,15,gelu_input,intermediate_dense_output,512,188743680,-1.8043452613883548,1.222535861218102,1.9001501904593574,1.0675603064727375,11.902424812316895,6.263938962340397,0.7736493004692926,0.4519256167941623,0.15562674734327528,0.030477078755696614,0.0005457984076605903,1.6991297403971354e-05,5.578994750976562e-06
dep,formal_e3_ms256_retry1,16,attn_k_input,linear_input,512,47185920,-0.009343084439428316,0.6832637870398289,0.46575897402233546,0.5000052739966975,14.74600601196289,31.66016509486674,0.0875133302476671,0.003173828125,0.0010432137383355035,0.0009880277845594617,0.0009752273559570313,0.0009500079684787326,0.0008263058132595486
dep,formal_e3_ms256_retry1,16,attn_out_input,linear_input,512,47185920,-5.5997765876883126e-05,0.14785296677180826,0.08997160181817081,0.11732695250984636,2.694516897201538,29.94852645445898,0.0017432742648654514,4.098680284288194e-05,0.0,0.0,0.0,0.0,0.0
dep,formal_e3_ms256_retry1,16,attn_q_input,linear_input,512,47185920,-0.009343084439428316,0.6832637870398289,0.46575897402233546,0.5000052739966975,14.74600601196289,31.66016509486674,0.0875133302476671,0.003173828125,0.0010432137383355035,0.0009880277845594617,0.0009752273559570313,0.0009500079684787326,0.0008263058132595486
dep,formal_e3_ms256_retry1,16,attn_v_input,linear_input,512,47185920,-0.009343084439428316,0.6832637870398289,0.46575897402233546,0.5000052739966975,14.74600601196289,31.66016509486674,0.0875133302476671,0.003173828125,0.0010432137383355035,0.0009880277845594617,0.0009752273559570313,0.0009500079684787326,0.0008263058132595486
dep,formal_e3_ms256_retry1,16,ffn_in_input,linear_input,512,47185920,-0.03470509689715173,1.4155939895570864,0.634244835211171,1.2660348636703271,64.74819946289062,102.08707405765912,0.18127623664008247,0.014587571885850694,0.0020208570692274307,0.0010691960652669272,0.0009973314073350695,0.0009936226738823785,0.0009874131944444444
dep,formal_e3_ms256_retry1,16,ffn_out_input,linear_input,512,188743680,-0.025217667506593797,0.24943456524141022,0.09704742019789087,0.2311608343222927,10.955785751342773,112.89105603222285,0.01070293320549859,0.00301613277859158,0.001194694307115343,0.00048342280917697484,9.607209099663629e-05,2.617306179470486e-06,3.814697265625e-07
dep,formal_e3_ms256_retry1,16,gelu_input,intermediate_dense_output,512,188743680,-1.7995438595612845,1.154569229217914,1.8847928689585791,1.0094275846560072,13.225305557250977,7.016848256943199,0.787815268834432,0.45263622601826986,0.13413032955593532,0.020190217759874132,0.0010012096828884549,0.00014331605699327256,2.0530488755967883e-05
dep,formal_e3_ms256_retry1,17,attn_k_input,linear_input,512,47185920,-0.013165852665487263,0.6623868387035604,0.4676573344402843,0.4692827306734332,13.095049858093262,28.001378132486842,0.09030140770806207,0.0027502483791775174,0.0010392294989691841,0.0009780036078559028,0.0009732564290364583,0.0009264840020073785,0.00042368570963541665
dep,formal_e3_ms256_retry1,17,attn_out_input,linear_input,512,47185920,-0.0020476468571966203,0.1862571347821168,0.12082148107389609,0.14176770727498414,3.1117193698883057,25.754686519569603,0.00295662350124783,0.00010361141628689236,7.417466905381945e-07,0.0,0.0,0.0,0.0
dep,formal_e3_ms256_retry1,17,attn_q_input,linear_input,512,47185920,-0.013165852665487263,0.6623868387035604,0.4676573344402843,0.4692827306734332,13.095049858093262,28.001378132486842,0.09030140770806207,0.0027502483791775174,0.0010392294989691841,0.0009780036078559028,0.0009732564290364583,0.0009264840020073785,0.00042368570963541665
dep,formal_e3_ms256_retry1,17,attn_v_input,linear_input,512,47185920,-0.013165852665487263,0.6623868387035604,0.4676573344402843,0.4692827306734332,13.095049858093262,28.001378132486842,0.09030140770806207,0.0027502483791775174,0.0010392294989691841,0.0009780036078559028,0.0009732564290364583,0.0009264840020073785,0.00042368570963541665
dep,formal_e3_ms256_retry1,17,ffn_in_input,linear_input,512,47185920,-0.028847186029371287,1.209743158180183,0.6496470603677962,1.0209159445620668,57.710506439208984,88.83362976588597,0.20269404517279732,0.015365833706325955,0.0017644882202148438,0.001075871785481771,0.001017210218641493,0.0009958055284288194,0.0009765625
dep,formal_e3_ms256_retry1,17,ffn_out_input,linear_input,512,188743680,-0.03146222177892923,0.296138357101825,0.11300263177189562,0.2755325809389153,65.52111053466797,579.8193325879994,0.012643035252888997,0.0028851509094238283,0.0005904568566216363,0.0002501752641465929,0.00015731387668185763,3.16619873046875e-05,1.9285413953993055e-05
dep,formal_e3_ms256_retry1,17,gelu_input,intermediate_dense_output,512,188743680,-1.5764589382542504,1.2680695484928837,1.6735660970211028,1.1368375797440096,65.52111053466797,39.150596233571875,0.7372104909684923,0.349629545211792,0.0758654753367106,0.009100929896036784,0.0012243111928304036,0.0009452290005154079,0.0008918073442247178
dep,formal_e3_ms256_retry1,18,attn_k_input,linear_input,512,47185920,-0.01370225728282498,0.6676573294195922,0.4884734900461303,0.45535448927676087,12.041723251342773,24.65174363956902,0.10472895304361979,0.0027854707505967882,0.0010242250230577258,0.0010002348158094619,0.0009564505683051216,0.0006403605143229167,3.39508056640625e-05
dep,formal_e3_ms256_retry1,18,attn_out_input,linear_input,512,47185920,-0.004002322903801946,0.17460716814826813,0.11355225443840027,0.13270104471834682,2.5892109870910645,22.80193378719449,0.0022774166531032984,3.189510769314236e-05,0.0,0.0,0.0,0.0,0.0
dep,formal_e3_ms256_retry1,18,attn_q_input,linear_input,512,47185920,-0.01370225728282498,0.6676573294195922,0.4884734900461303,0.45535448927676087,12.041723251342773,24.65174363956902,0.10472895304361979,0.0027854707505967882,0.0010242250230577258,0.0010002348158094619,0.0009564505683051216,0.0006403605143229167,3.39508056640625e-05
dep,formal_e3_ms256_retry1,18,attn_v_input,linear_input,512,47185920,-0.01370225728282498,0.6676573294195922,0.4884734900461303,0.45535448927676087,12.041723251342773,24.65174363956902,0.10472895304361979,0.0027854707505967882,0.0010242250230577258,0.0010002348158094619,0.0009564505683051216,0.0006403605143229167,3.39508056640625e-05
dep,formal_e3_ms256_retry1,18,ffn_in_input,linear_input,512,47185920,-0.026670305627501674,1.1630754784016843,0.6480247393250466,0.9661882895607236,53.08802032470703,81.92282964382058,0.201242552863227,0.014273495144314237,0.0020463307698567706,0.0016207377115885417,0.001056459214952257,0.0010258568657769097,0.001022020975748698
dep,formal_e3_ms256_retry1,18,ffn_out_input,linear_input,512,188743680,-0.03477402015899619,0.2985943246388053,0.1244058712489075,0.2736621683450651,61.02232360839844,490.50999760539287,0.013409137725830078,0.003058269288804796,0.0007908238304985895,0.00022985670301649305,0.00016661220126681857,0.00012495782640245225,1.617007785373264e-05
dep,formal_e3_ms256_retry1,18,gelu_input,intermediate_dense_output,512,188743680,-1.4096291326814228,1.1529757305134696,1.5172099497583178,1.007214622218925,61.02232360839844,40.220091898368395,0.6979015085432264,0.2770737012227376,0.04657488928900825,0.004469633102416992,0.0009604295094807943,0.0007986227671305338,0.0006468454996744792
dep,formal_e3_ms256_retry1,19,attn_k_input,linear_input,512,47185920,-0.004910690224884699,0.6927196567502564,0.5294891834259033,0.44668315656810686,10.044107437133789,18.969428935538133,0.1334435568915473,0.003988350762261284,0.001030286153157552,0.0009625116984049479,0.0004977120293511285,4.664527045355903e-05,8.477105034722222e-07
dep,formal_e3_ms256_retry1,19,attn_out_input,linear_input,512,47185920,0.010254208804366904,0.2813339408069103,0.16302820332348347,0.22951196040569785,3.166948080062866,19.4257681523911,0.01634813944498698,0.0015888637966579861,9.326934814453125e-05,0.0,0.0,0.0,0.0
dep,formal_e3_ms256_retry1,19,attn_q_input,linear_input,512,47185920,-0.004910690224884699,0.6927196567502564,0.5294891834259033,0.44668315656810686,10.044107437133789,18.969428935538133,0.1334435568915473,0.003988350762261284,0.001030286153157552,0.0009625116984049479,0.0004977120293511285,4.664527045355903e-05,8.477105034722222e-07
dep,formal_e3_ms256_retry1,19,attn_v_input,linear_input,512,47185920,-0.004910690224884699,0.6927196567502564,0.5294891834259033,0.44668315656810686,10.044107437133789,18.969428935538133,0.1334435568915473,0.003988350762261284,0.001030286153157552,0.0009625116984049479,0.0004977120293511285,4.664527045355903e-05,8.477105034722222e-07
dep,formal_e3_ms256_retry1,19,ffn_in_input,linear_input,512,47185920,-0.01693901663335661,1.0647797569355693,0.6569024802909957,0.8381658502061589,92.27729034423828,140.4733474340988,0.20346196492513022,0.015120845370822483,0.002900589836968316,0.0018672307332356771,0.0017050213283962674,0.0016307618882921008,0.0015571382310655382
dep,formal_e3_ms256_retry1,19,ffn_out_input,linear_input,512,188743680,-0.047484367816812464,0.23296759076062765,0.11063244868483808,0.21044981546623007,27.971769332885742,252.83512807865029,0.009215471479627821,0.0022051546308729385,0.00034651756286621096,0.00019656287299262153,0.0001548608144124349,1.2911690606011285e-05,1.285341050889757e-05
dep,formal_e3_ms256_retry1,19,gelu_input,intermediate_dense_output,512,188743680,-1.510646868414349,1.0028522232360673,1.5869679172833762,0.8770971281522164,27.971769332885742,17.625919861548766,0.7308981842464871,0.30478386349148223,0.05618032879299588,0.007473331027560764,0.0009403069814046224,8.261468675401476e-05,2.8589036729600695e-05
dep,formal_e3_ms256_retry1,20,attn_k_input,linear_input,512,47185920,0.00027315194509153825,0.6827495046332709,0.5310023559464349,0.4291660036259834,8.116426467895508,15.285104438810167,0.13546926710340712,0.005501068962944879,0.0008478376600477431,9.856753879123264e-05,5.6499905056423614e-05,2.0366244845920138e-05,0.0
dep,formal_e3_ms256_retry1,20,attn_out_input,linear_input,512,47185920,0.006775349967129942,0.3153369561867173,0.20026220666865507,0.24367673234119347,4.200507164001465,20.975036847324052,0.019335661994086373,0.0006578021579318577,1.667870415581597e-05,7.62939453125e-07,0.0,0.0,0.0
dep,formal_e3_ms256_retry1,20,attn_q_input,linear_input,512,47185920,0.00027315194509153825,0.6827495046332709,0.5310023559464349,0.4291660036259834,8.116426467895508,15.285104438810167,0.13546926710340712,0.005501068962944879,0.0008478376600477431,9.856753879123264e-05,5.6499905056423614e-05,2.0366244845920138e-05,0.0
dep,formal_e3_ms256_retry1,20,attn_v_input,linear_input,512,47185920,0.00027315194509153825,0.6827495046332709,0.5310023559464349,0.4291660036259834,8.116426467895508,15.285104438810167,0.13546926710340712,0.005501068962944879,0.0008478376600477431,9.856753879123264e-05,5.6499905056423614e-05,2.0366244845920138e-05,0.0
dep,formal_e3_ms256_retry1,20,ffn_in_input,linear_input,512,47185920,-0.0006236894432933898,0.9969094255360131,0.6457366555929184,0.759508369496175,80.47119903564453,124.61922106892864,0.20765516493055555,0.014460966322157117,0.0030751970079210067,0.0022265328301323785,0.0009518941243489583,0.0007613711886935764,0.0007281197441948785
dep,formal_e3_ms256_retry1,20,ffn_out_input,linear_input,512,188743680,-0.057691566397746405,0.24186149482281713,0.12542274308701357,0.2146961458151547,10.488344192504883,83.62394199294832,0.009952820671929253,0.0016871452331542968,0.00042556126912434897,0.0003472646077473958,0.0001732243431939019,0.000148365232679579,6.251864963107639e-07
dep,formal_e3_ms256_retry1,20,gelu_input,intermediate_dense_output,512,188743680,-1.2886803931660122,0.9573742343849854,1.3711597339974508,0.8349751878102635,31.566558837890625,23.021795386203568,0.6522403981950547,0.20643435054355197,0.025839821497599284,0.002554268307156033,0.00047243965996636287,0.0003924104902479384,0.00024282667371961807
dep,formal_e3_ms256_retry1,21,attn_k_input,linear_input,512,47185920,-0.005483282805006537,0.6791433660535454,0.5276962960759799,0.42755396987111616,7.3877854347229,14.000070665000795,0.13694000244140625,0.005865224202473958,0.0005071004231770833,8.074442545572917e-05,2.0768907335069443e-06,0.0,0.0
dep,formal_e3_ms256_retry1,21,attn_out_input,linear_input,512,47185920,-0.0016501106557876078,0.17382382671885807,0.12150639721916781,0.12431267447521895,2.698840856552124,22.211512466163207,0.001812405056423611,5.484686957465278e-05,0.0,0.0,0.0,0.0,0.0
dep,formal_e3_ms256_retry1,21,attn_q_input,linear_input,512,47185920,-0.005483282805006537,0.6791433660535454,0.5276962960759799,0.42755396987111616,7.3877854347229,14.000070665000795,0.13694000244140625,0.005865224202473958,0.0005071004231770833,8.074442545572917e-05,2.0768907335069443e-06,0.0,0.0
dep,formal_e3_ms256_retry1,21,attn_v_input,linear_input,512,47185920,-0.005483282805006537,0.6791433660535454,0.5276962960759799,0.42755396987111616,7.3877854347229,14.000070665000795,0.13694000244140625,0.005865224202473958,0.0005071004231770833,8.074442545572917e-05,2.0768907335069443e-06,0.0,0.0
dep,formal_e3_ms256_retry1,21,ffn_in_input,linear_input,512,47185920,0.006121340945052604,0.9113063138577104,0.668704712887605,0.6191531922341991,50.8190803527832,75.99629458769016,0.22481117248535157,0.017147488064236112,0.001869328816731771,0.001594119601779514,0.001335483127170139,0.0004656685723198785,7.430182562934028e-05
dep,formal_e3_ms256_retry1,21,ffn_out_input,linear_input,512,188743680,-0.04501816676929593,0.27402874812148226,0.14654263891279698,0.23588905255812212,19.6835880279541,134.31986876984794,0.015517044067382812,0.00337776607937283,0.00047374301486545137,6.236500210232205e-05,2.1192762586805555e-05,1.704427931043837e-05,1.5963448418511283e-05
dep,formal_e3_ms256_retry1,21,gelu_input,intermediate_dense_output,512,188743680,-1.120364424586296,1.0824062894003237,1.2429001374377144,0.9391587020143456,97.76701354980469,78.66039322463595,0.5847035566965739,0.15577469401889377,0.014659828609890409,0.0012044429779052735,0.0003116024865044488,0.0002712037828233507,0.0002695719401041667
dep,formal_e3_ms256_retry1,22,attn_k_input,linear_input,512,47185920,-0.004801082034181389,0.6960687558767067,0.5396025680833393,0.4397315451662644,6.811368942260742,12.622936481667663,0.14877315097384983,0.006964280870225694,0.0002468744913736979,2.6109483506944443e-05,1.568264431423611e-06,0.0,0.0
dep,formal_e3_ms256_retry1,22,attn_out_input,linear_input,512,47185920,0.003225720694495572,0.1396991346493614,0.09540328124745025,0.10210028120920732,2.8768415451049805,30.1545345976438,0.0007594214545355903,2.5643242730034723e-05,0.0,0.0,0.0,0.0,0.0
dep,formal_e3_ms256_retry1,22,attn_q_input,linear_input,512,47185920,-0.004801082034181389,0.6960687558767067,0.5396025680833393,0.4397315451662644,6.811368942260742,12.622936481667663,0.14877315097384983,0.006964280870225694,0.0002468744913736979,2.6109483506944443e-05,1.568264431423611e-06,0.0,0.0
dep,formal_e3_ms256_retry1,22,attn_v_input,linear_input,512,47185920,-0.004801082034181389,0.6960687558767067,0.5396025680833393,0.4397315451662644,6.811368942260742,12.622936481667663,0.14877315097384983,0.006964280870225694,0.0002468744913736979,2.6109483506944443e-05,1.568264431423611e-06,0.0,0.0
dep,formal_e3_ms256_retry1,22,ffn_in_input,linear_input,512,47185920,0.009324593153885669,0.8680334630585836,0.677531588739819,0.5426969571378302,21.08782386779785,31.12448809511648,0.23731666141086155,0.016317854987250434,0.0017518573337131076,0.0009760538736979167,0.0001815160115559896,0.0001262240939670139,0.00011268191867404513
dep,formal_e3_ms256_retry1,22,ffn_out_input,linear_input,512,188743680,-0.011285270102477322,0.36038817266793566,0.17036249674856663,0.3177791875214837,6.713039398193359,39.40444362059891,0.02648827764723036,0.008360158072577582,0.0016840457916259765,0.00032976998223198785,7.518132527669271e-06,0.0,0.0
dep,formal_e3_ms256_retry1,22,gelu_input,intermediate_dense_output,512,188743680,-1.0820336980952157,1.0768757693098971,1.2672286768754324,0.8512284222492411,47.952720642089844,37.84062144200005,0.5842095481024848,0.178389220767551,0.022022957271999783,0.0015851179758707681,0.0003841929965549045,0.0002433988783094618,0.00024291144476996528
dep,formal_e3_ms256_retry1,23,attn_k_input,linear_input,512,47185920,0.000899015953634969,0.5995070253036694,0.44306527740425533,0.4038596805535677,7.067581653594971,15.951558413697285,0.09214668273925782,0.006405851576063368,0.0001552581787109375,1.2143452962239583e-05,6.781684027777778e-07,0.0,0.0
dep,formal_e3_ms256_retry1,23,attn_out_input,linear_input,512,47185920,0.0022323608142970543,0.15276011993259098,0.10934929495884313,0.10669287402928423,2.606775999069214,23.838983141595488,0.0006873872545030382,1.8458896213107638e-05,0.0,0.0,0.0,0.0,0.0
dep,formal_e3_ms256_retry1,23,attn_q_input,linear_input,512,47185920,0.000899015953634969,0.5995070253036694,0.44306527740425533,0.4038596805535677,7.067581653594971,15.951558413697285,0.09214668273925782,0.006405851576063368,0.0001552581787109375,1.2143452962239583e-05,6.781684027777778e-07,0.0,0.0
dep,formal_e3_ms256_retry1,23,attn_v_input,linear_input,512,47185920,0.000899015953634969,0.5995070253036694,0.44306527740425533,0.4038596805535677,7.067581653594971,15.951558413697285,0.09214668273925782,0.006405851576063368,0.0001552581787109375,1.2143452962239583e-05,6.781684027777778e-07,0.0,0.0
dep,formal_e3_ms256_retry1,23,ffn_in_input,linear_input,512,47185920,0.01243834867556062,0.8641138218744291,0.6989182708991899,0.5082919045937029,11.666792869567871,16.692642552551984,0.2607858445909288,0.013679144117567274,0.0009010738796657986,0.0004641638861762153,1.568264431423611e-05,2.4159749348958332e-06,1.568264431423611e-06
dep,formal_e3_ms256_retry1,23,ffn_out_input,linear_input,512,188743680,0.01782411212851811,0.3862442766363371,0.19392790877156788,0.33450606333366173,7.287292957305908,37.577329655474074,0.0379340754614936,0.00705050892300076,0.0009792910681830512,0.0001876672108968099,1.8601947360568577e-05,0.0,0.0
dep,formal_e3_ms256_retry1,23,gelu_input,intermediate_dense_output,512,188743680,-0.8909252944919798,1.067951839108412,1.1405820386277306,0.7958276347177639,8.726910591125488,7.651278290884805,0.49514675670199926,0.15125196774800617,0.022842682732476128,0.002282020780775282,0.00021026399400499133,2.304712931315104e-06,0.0
semeval,formal_e10_ms256,0,attn_k_input,linear_input,512,64487424,-0.04403122206316973,0.46955621776987055,0.3661815908139314,0.2972083994635763,5.601480960845947,15.297003184663751,0.03939180451680005,0.00045751556148373985,1.798800336636179e-05,9.443701767339939e-06,0.0,0.0,0.0
semeval,formal_e10_ms256,0,attn_out_input,linear_input,512,64487424,-0.00022987942512424443,0.15634606187611227,0.11305539431126137,0.10799361891262109,6.0915656089782715,53.88124685326488,0.0005475331128128176,2.1508069542365347e-05,7.970546319232723e-06,7.753449726880082e-06,7.753449726880081e-08,0.0,0.0
semeval,formal_e10_ms256,0,attn_q_input,linear_input,512,64487424,-0.04403122206316973,0.46955621776987055,0.3661815908139314,0.2972083994635763,5.601480960845947,15.297003184663751,0.03939180451680005,0.00045751556148373985,1.798800336636179e-05,9.443701767339939e-06,0.0,0.0,0.0
semeval,formal_e10_ms256,0,attn_v_input,linear_input,512,64487424,-0.04403122206316973,0.46955621776987055,0.3661815908139314,0.2972083994635763,5.601480960845947,15.297003184663751,0.03939180451680005,0.00045751556148373985,1.798800336636179e-05,9.443701767339939e-06,0.0,0.0,0.0
semeval,formal_e10_ms256,0,ffn_in_input,linear_input,512,64487424,-0.0023465376192082963,1.2921080103545874,0.821524671665052,0.9973193222368237,112.32719421386719,136.73015319942172,0.30578313998090545,0.054185417609486156,0.012499165728809387,0.004122772837072853,0.001294469445701537,0.0009942558722767403,0.0008700611145515752
semeval,formal_e10_ms256,0,ffn_out_input,linear_input,512,257949696,0.02489824702100056,0.34165627675783716,0.06981111295157816,0.3353734376202275,16.09933853149414,230.61283298349417,0.015186565678294113,0.0047818432009317045,0.0024029220022806306,0.0012674409199536331,0.0006758682126921367,0.0002682112096770992,7.001365103372714e-05
semeval,formal_e10_ms256,0,gelu_input,intermediate_dense_output,512,257949696,-3.574131363775672,2.2123305575824537,3.681268839332146,2.0290591992596445,23.125015258789062,6.281805613247304,0.8949267030731449,0.7724538508469496,0.611152741967178,0.4293061504519083,0.1352339721307522,0.018167747714655187,0.0022436894052396943
semeval,formal_e10_ms256,1,attn_k_input,linear_input,512,64487424,0.03094328123682398,0.634580971325304,0.4574109223799977,0.44093734692056563,12.392110824584961,27.09185596204482,0.08700798778999143,0.007956435040729801,0.0017987538159378177,0.0011807263382082062,0.0005145654445741234,0.00010761788220909553,7.196752036490092e-05
semeval,formal_e10_ms256,1,attn_out_input,linear_input,512,64487424,-0.00010421416353471236,0.1803760939622582,0.10602552622435539,0.14592509695909683,4.2547221183776855,40.12922425279435,0.003448548355722815,0.0006455057035616743,0.0001354682736280488,6.512897770579269e-07,0.0,0.0,0.0
semeval,formal_e10_ms256,1,attn_q_input,linear_input,512,64487424,0.03094328123682398,0.634580971325304,0.4574109223799977,0.44093734692056563,12.392110824584961,27.09185596204482,0.08700798778999143,0.007956435040729801,0.0017987538159378177,0.0011807263382082062,0.0005145654445741234,0.00010761788220909553,7.196752036490092e-05
semeval,formal_e10_ms256,1,attn_v_input,linear_input,512,64487424,0.03094328123682398,0.634580971325304,0.4574109223799977,0.44093734692056563,12.392110824584961,27.09185596204482,0.08700798778999143,0.007956435040729801,0.0017987538159378177,0.0011807263382082062,0.0005145654445741234,0.00010761788220909553,7.196752036490092e-05
semeval,formal_e10_ms256,1,ffn_in_input,linear_input,512,64487424,0.027351380325853825,1.748090149736679,0.7494844697355255,1.5795063466910768,92.61822509765625,123.57590962537078,0.24319071886016103,0.03579145912232438,0.008708442129739901,0.004118399891426892,0.0016295580359978405,0.000976624527597815,0.0009764384448043699
semeval,formal_e10_ms256,1,ffn_out_input,linear_input,512,257949696,-0.010448000458167577,0.2391474313000108,0.04386353526052421,0.23532242750196167,12.313007354736328,280.71169552577413,0.004178384455238901,0.0015572105965963223,0.0008072387881395294,0.0006325496890680576,0.0005821212520444296,0.00029557701048812246,2.0469107278963416e-05
semeval,formal_e10_ms256,1,gelu_input,intermediate_dense_output,512,257949696,-3.10984603951617,1.5952482032380333,3.148064837223146,1.5184357082431208,14.22180461883545,4.5176339606080855,0.9186327476811603,0.7689386538373746,0.5277869294329387,0.27752609563067676,0.03375813243834953,0.0037748561642034265,0.00027515830063238374
semeval,formal_e10_ms256,2,attn_k_input,linear_input,512,64487424,0.016455970034457562,0.566280689635142,0.3408584850348108,0.4525042669226453,13.195443153381348,38.712379866482536,0.03394557983894658,0.001923119149556974,0.0009931703893149772,0.0009764229379049162,0.0009696619297430767,0.0009304294741250635,0.0008834900894785315
semeval,formal_e10_ms256,2,attn_out_input,linear_input,512,64487424,0.0017450311074864613,0.11834948353535774,0.0849709788837084,0.08239889643797657,4.113880157470703,48.41512021534994,0.0004910259712033155,2.7989953514037092e-05,1.1320036601244919e-06,1.5506899453760164e-08,0.0,0.0,0.0
semeval,formal_e10_ms256,2,attn_q_input,linear_input,512,64487424,0.016455970034457562,0.566280689635142,0.3408584850348108,0.4525042669226453,13.195443153381348,38.712379866482536,0.03394557983894658,0.001923119149556974,0.0009931703893149772,0.0009764229379049162,0.0009696619297430767,0.0009304294741250635,0.0008834900894785315
semeval,formal_e10_ms256,2,attn_v_input,linear_input,512,64487424,0.016455970034457562,0.566280689635142,0.3408584850348108,0.4525042669226453,13.195443153381348,38.712379866482536,0.03394557983894658,0.001923119149556974,0.0009931703893149772,0.0009764229379049162,0.0009696619297430767,0.0009304294741250635,0.0008834900894785315
semeval,formal_e10_ms256,2,ffn_in_input,linear_input,512,64487424,0.03844266353038753,2.136241109547504,0.6535849093906279,2.0341658444475232,89.9694595336914,137.65535011751533,0.17350162723200108,0.0177098871246586,0.003787032956999492,0.0018630299141736534,0.0010026451048812245,0.0009765625,0.0009765314862010925
semeval,formal_e10_ms256,2,ffn_out_input,linear_input,512,257949696,-0.016456298859471957,0.1687972890929532,0.04956872958114477,0.16219209482892072,13.379413604736328,269.9164113704795,0.005041417067613059,0.0016654603849581586,0.0006382562280670414,0.00014191526707594957,1.709635664777058e-06,8.916467185912093e-08,7.753449726880082e-09
semeval,formal_e10_ms256,2,gelu_input,intermediate_dense_output,512,257949696,-2.6366262222693218,1.3057616359183137,2.6758293301109375,1.223416806289793,15.698297500610352,5.866703576329928,0.8995978037516276,0.7173754684324187,0.3992252853827748,0.13467199821782305,0.0041529066194363725,0.0003138131242457444,3.246757073131034e-05
semeval,formal_e10_ms256,3,attn_k_input,linear_input,512,64487424,0.014371666981558489,0.5303758109666112,0.2789120615982428,0.45134588462213476,13.603266716003418,48.77260107738963,0.018275873447821393,0.0014947720659457572,0.0009871071916285569,0.000976764089692899,0.0009752909342447916,0.0009608074901549797,0.000899229592424098
semeval,formal_e10_ms256,3,attn_out_input,linear_input,512,64487424,-0.00041280410849554107,0.1364975747774078,0.08893304512025864,0.10355033468310987,3.905587673187256,43.91604569376852,0.001412089278058308,2.1616617838541668e-05,2.791241901676829e-07,0.0,0.0,0.0,0.0
semeval,formal_e10_ms256,3,attn_q_input,linear_input,512,64487424,0.014371666981558489,0.5303758109666112,0.2789120615982428,0.45134588462213476,13.603266716003418,48.77260107738963,0.018275873447821393,0.0014947720659457572,0.0009871071916285569,0.000976764089692899,0.0009752909342447916,0.0009608074901549797,0.000899229592424098
semeval,formal_e10_ms256,3,attn_v_input,linear_input,512,64487424,0.014371666981558489,0.5303758109666112,0.2789120615982428,0.45134588462213476,13.603266716003418,48.77260107738963,0.018275873447821393,0.0014947720659457572,0.0009871071916285569,0.000976764089692899,0.0009752909342447916,0.0009608074901549797,0.000899229592424098
semeval,formal_e10_ms256,3,ffn_in_input,linear_input,512,64487424,0.04200318543528154,2.1275831876109788,0.578166289058158,2.0479497625645804,80.69282531738281,139.56681121763896,0.12415206723096894,0.009197560752310404,0.002295362270944487,0.0013484799764989838,0.0009766400344972687,0.0009765625,0.0009765625
semeval,formal_e10_ms256,3,ffn_out_input,linear_input,512,257949696,-0.02151661885644847,0.15904444725606645,0.04939490885329925,0.15270312396730998,9.373594284057617,189.76842961481694,0.0041437575487586545,0.0016223977251750667,0.0005630787795152121,0.00013791061029201602,1.2134148822567328e-06,2.3260349180640245e-08,0.0
semeval,formal_e10_ms256,3,gelu_input,intermediate_dense_output,512,257949696,-2.453555277692593,1.0985310883630575,2.48643182157501,1.0219397484453177,10.400696754455566,4.182980874121588,0.9134819720818744,0.7018513097995664,0.30719296525164347,0.06292697859973442,0.0006807528860200712,4.0511774822948425e-06,1.1630174590320122e-08
semeval,formal_e10_ms256,4,attn_k_input,linear_input,512,64487424,0.01004199545860775,0.4709512991028721,0.2791591571356223,0.37942869262458595,10.535978317260742,37.74183310111554,0.01664935476411649,0.001936191465796494,0.000983416549558562,0.0009765004724021849,0.0009713831955824442,0.0009002530477880463,0.00027864347628461637
semeval,formal_e10_ms256,4,attn_out_input,linear_input,512,64487424,-0.0030995520116662892,0.11314143859630851,0.0800380181612038,0.08002817003494508,3.8315749168395996,47.871936423044126,0.00031536381419112043,3.690642069994919e-06,9.304139672256098e-08,0.0,0.0,0.0,0.0
semeval,formal_e10_ms256,4,attn_q_input,linear_input,512,64487424,0.01004199545860775,0.4709512991028721,0.2791591571356223,0.37942869262458595,10.535978317260742,37.74183310111554,0.01664935476411649,0.001936191465796494,0.000983416549558562,0.0009765004724021849,0.0009713831955824442,0.0009002530477880463,0.00027864347628461637
semeval,formal_e10_ms256,4,attn_v_input,linear_input,512,64487424,0.01004199545860775,0.4709512991028721,0.2791591571356223,0.37942869262458595,10.535978317260742,37.74183310111554,0.01664935476411649,0.001936191465796494,0.000983416549558562,0.0009765004724021849,0.0009713831955824442,0.0009002530477880463,0.00027864347628461637
semeval,formal_e10_ms256,4,ffn_in_input,linear_input,512,64487424,0.04573242283024924,2.0207641626954316,0.6324753976934324,1.9197797079468855,78.2566146850586,123.73068576335424,0.1585435479637084,0.010684470820233105,0.0023160174610168953,0.0018505468601133766,0.001778300215558308,0.0017696628725625636,0.0017460148508955792
semeval,formal_e10_ms256,4,ffn_out_input,linear_input,512,257949696,-0.02976115040359943,0.21217604739084286,0.06201449975492508,0.20508194211069208,17.321428298950195,279.3125537963331,0.003788444084849784,0.000891018689163332,0.0003117429531686674,0.0002295796464129192,0.00020592774802107153,0.000195712578005907,0.0001575462217253398
semeval,formal_e10_ms256,4,gelu_input,intermediate_dense_output,512,257949696,-2.2102182483285424,1.1145567388432343,2.249339739481608,1.033330617824793,17.321428298950195,7.700672332825171,0.8745406856381797,0.6063915190657949,0.2287913454257376,0.04162286355243466,0.0008690647962616711,0.00020004675640323297,0.00015755785189993014
semeval,formal_e10_ms256,5,attn_k_input,linear_input,512,64487424,0.006680209060934016,0.3830544487381917,0.20995370038156588,0.3204602621032839,8.395162582397461,39.98578051799159,0.017537869089018037,0.002370027991814342,0.001785790047994474,0.0009748412341606327,0.0009099758737455538,1.600312023628049e-05,0.0
semeval,formal_e10_ms256,5,attn_out_input,linear_input,512,64487424,-0.0008047532344834308,0.11994995746165672,0.08777929321537173,0.08175228195855735,3.68857479095459,42.02101265391203,0.0004173992125968623,1.1847271182672763e-05,3.411517879827236e-07,0.0,0.0,0.0,0.0
semeval,formal_e10_ms256,5,attn_q_input,linear_input,512,64487424,0.006680209060934016,0.3830544487381917,0.20995370038156588,0.3204602621032839,8.395162582397461,39.98578051799159,0.017537869089018037,0.002370027991814342,0.001785790047994474,0.0009748412341606327,0.0009099758737455538,1.600312023628049e-05,0.0
semeval,formal_e10_ms256,5,attn_v_input,linear_input,512,64487424,0.006680209060934016,0.3830544487381917,0.20995370038156588,0.3204602621032839,8.395162582397461,39.98578051799159,0.017537869089018037,0.002370027991814342,0.001785790047994474,0.0009748412341606327,0.0009099758737455538,1.600312023628049e-05,0.0
semeval,formal_e10_ms256,5,ffn_in_input,linear_input,512,64487424,0.05918139587270051,2.130883642406211,0.6043116275857134,2.0442541407213803,66.5551986694336,110.1339038193397,0.1261320656877223,0.009206012012512704,0.0029193754118632493,0.002094780526510099,0.0019225609011766388,0.001828604597386306,0.0018103374698297764
semeval,formal_e10_ms256,5,ffn_out_input,linear_input,512,257949696,-0.025782779305870456,0.14744610123090066,0.05144603138532096,0.14056461265776957,10.775404930114746,209.45065420904908,0.0034093120233799385,0.00113193387907695,0.00046314456598545476,0.00013058747702497778,3.333983382558435e-06,2.004266754398501e-06,5.970156289697662e-07
semeval,formal_e10_ms256,5,gelu_input,intermediate_dense_output,512,257949696,-2.41592658729088,1.137734498230895,2.447024905584692,1.0692100706090897,11.891554832458496,4.85959697644235,0.8972133931105699,0.6750313479725908,0.30350586650817374,0.06889080032100522,0.0007140074318986599,6.5943089927115095e-06,6.357828776041666e-07
semeval,formal_e10_ms256,6,attn_k_input,linear_input,512,64487424,0.004727840340294973,0.3587164325034241,0.19640330061679934,0.3002092185944564,6.518246650695801,33.18807082276836,0.020876225417222435,0.003497286540705983,0.000971197112788999,0.0008583534054639862,0.00035075055874460114,0.0,0.0
semeval,formal_e10_ms256,6,attn_out_input,linear_input,512,64487424,0.0007066970866003615,0.12791148024253252,0.09482886015278537,0.08584482209621888,3.3219497203826904,35.03099916028165,0.0002847842084683054,3.5045592765497968e-06,4.652069836128049e-08,0.0,0.0,0.0,0.0
semeval,formal_e10_ms256,6,attn_q_input,linear_input,512,64487424,0.004727840340294973,0.3587164325034241,0.19640330061679934,0.3002092185944564,6.518246650695801,33.18807082276836,0.020876225417222435,0.003497286540705983,0.000971197112788999,0.0008583534054639862,0.00035075055874460114,0.0,0.0
semeval,formal_e10_ms256,6,attn_v_input,linear_input,512,64487424,0.004727840340294973,0.3587164325034241,0.19640330061679934,0.3002092185944564,6.518246650695801,33.18807082276836,0.020876225417222435,0.003497286540705983,0.000971197112788999,0.0008583534054639862,0.00035075055874460114,0.0,0.0
semeval,formal_e10_ms256,6,ffn_in_input,linear_input,512,64487424,0.04492357259661686,2.334428770994957,0.6214303534205367,2.2506443810765613,84.11333465576172,135.35440326140656,0.13345388086830698,0.010478011960905741,0.003529944070955602,0.0030027715171255715,0.002871614161545668,0.002781767186110582,0.0027144827493807166
semeval,formal_e10_ms256,6,ffn_out_input,linear_input,512,257949696,-0.015856448220225368,0.12530825566456952,0.034264311951592685,0.12157114301651421,7.989427089691162,233.17050991650788,0.00278169740506304,0.000984765649811039,0.00026181461365242317,4.848619786704459e-05,1.0195786390847307e-06,0.0,0.0
semeval,formal_e10_ms256,6,gelu_input,intermediate_dense_output,512,257949696,-2.8915101958484186,1.201428611363397,2.91332209885605,1.1475261518653601,12.476916313171387,4.282710901781369,0.9393716595037197,0.7983754941118442,0.47693762352796104,0.1665466820321432,0.003452343669364123,0.00011410364290563071,1.7057589399136178e-06
semeval,formal_e10_ms256,7,attn_k_input,linear_input,512,64487424,-0.004192379617503261,0.3944390487054583,0.2022677992538708,0.33865539501906655,14.836454391479492,73.35055034072887,0.0227287881742648,0.0028282723775724084,0.001833380722418064,0.0009740503822884909,0.0009106271635226118,0.00010107397063960874,4.8303991798462905e-05
semeval,formal_e10_ms256,7,attn_out_input,linear_input,512,64487424,0.0027450540401036776,0.14301595849837861,0.10947354571000348,0.09206868358227363,4.413390159606934,40.31467265432371,0.0002872808192803608,6.140732183689025e-06,1.5506899453760162e-07,1.5506899453760164e-08,0.0,0.0,0.0
semeval,formal_e10_ms256,7,attn_q_input,linear_input,512,64487424,-0.004192379617503261,0.3944390487054583,0.2022677992538708,0.33865539501906655,14.836454391479492,73.35055034072887,0.0227287881742648,0.0028282723775724084,0.001833380722418064,0.0009740503822884909,0.0009106271635226118,0.00010107397063960874,4.8303991798462905e-05
semeval,formal_e10_ms256,7,attn_v_input,linear_input,512,64487424,-0.004192379617503261,0.3944390487054583,0.2022677992538708,0.33865539501906655,14.836454391479492,73.35055034072887,0.0227287881742648,0.0028282723775724084,0.001833380722418064,0.0009740503822884909,0.0009106271635226118,0.00010107397063960874,4.8303991798462905e-05
semeval,formal_e10_ms256,7,ffn_in_input,linear_input,512,64487424,-0.021724343648165223,1.949535112199049,0.6095847400223336,1.8519086223504133,66.2763900756836,108.72383398779863,0.1399379202990028,0.008913179723227896,0.0024864382860137193,0.0019926520867076347,0.001851802918969131,0.001814369263687754,0.001804801506724784
semeval,formal_e10_ms256,7,ffn_out_input,linear_input,512,257949696,-0.022756117608065042,0.11132216229493125,0.03850454376722739,0.10690119183567959,16.993860244750977,441.3468796691747,0.0024976614044933784,0.0005228500056072948,8.581518157710874e-05,1.9767420078680766e-05,5.6716484752127796e-06,2.012020204125381e-06,1.9693762306275406e-06
semeval,formal_e10_ms256,7,gelu_input,intermediate_dense_output,512,257949696,-2.6484186445794453,1.0917070022270032,2.6673998600099145,1.0444728251546733,16.993860244750977,6.370945916105661,0.9353508406538305,0.7530490596119951,0.376082280787026,0.0911923772920438,0.0020906828283294428,0.0003662690883729516,2.3593747518896086e-05
semeval,formal_e10_ms256,8,attn_k_input,linear_input,512,64487424,-0.009158271762383421,0.4789789387326552,0.24792968960312323,0.40992141527911574,12.85411548614502,51.845809619337714,0.019556588273707445,0.001948209312873158,0.0010300768100149262,0.0009861767776613312,0.0009656611496840067,0.0009083166355040016,0.0008754109948631224
semeval,formal_e10_ms256,8,attn_out_input,linear_input,512,64487424,-0.006128156222630202,0.15101393637947033,0.11469710972614405,0.09842426682470409,3.3006792068481445,28.777352931813137,0.0004683858980008257,9.42819486788618e-06,4.652069836128049e-08,0.0,0.0,0.0,0.0
semeval,formal_e10_ms256,8,attn_q_input,linear_input,512,64487424,-0.009158271762383421,0.4789789387326552,0.24792968960312323,0.40992141527911574,12.85411548614502,51.845809619337714,0.019556588273707445,0.001948209312873158,0.0010300768100149262,0.0009861767776613312,0.0009656611496840067,0.0009083166355040016,0.0008754109948631224
semeval,formal_e10_ms256,8,attn_v_input,linear_input,512,64487424,-0.009158271762383421,0.4789789387326552,0.24792968960312323,0.40992141527911574,12.85411548614502,51.845809619337714,0.019556588273707445,0.001948209312873158,0.0010300768100149262,0.0009861767776613312,0.0009656611496840067,0.0009083166355040016,0.0008754109948631224
semeval,formal_e10_ms256,8,ffn_in_input,linear_input,512,64487424,-0.04229734082350401,1.9985270896130245,0.5828537861021553,1.9121142897285792,72.4850845336914,124.36238086130768,0.13079002814564278,0.007698927468400661,0.001510108389505526,0.0010476306201965828,0.0009849982533028454,0.0009845020325203251,0.0009844865256208714
semeval,formal_e10_ms256,8,ffn_out_input,linear_input,512,257949696,-0.03480441303454279,0.14346948848086583,0.06499537322821657,0.13255354672948277,10.570428848266602,162.63355871734024,0.0042864210237332475,0.0007493166419548717,0.00014357838204236535,2.0643559897818215e-05,3.814697265625e-06,1.6049640934641768e-06,1.9383624317200203e-08
semeval,formal_e10_ms256,8,gelu_input,intermediate_dense_output,512,257949696,-2.097382739792025,1.0399646814542345,2.1346059310727004,0.961248362744488,12.107124328613281,5.671831110545592,0.8708861009861396,0.5689258304068713,0.17241220939450147,0.02578191059391673,0.0008538331442732151,0.00010828467888560722,5.043619047335493e-06
semeval,formal_e10_ms256,9,attn_k_input,linear_input,512,64487424,-0.012425196213208563,0.6043890502367877,0.29389058392706924,0.5282696605201451,16.025596618652344,54.529125787266445,0.02215551360835874,0.0023898613162157013,0.0010807068367314533,0.0009909373957936356,0.000983928277240536,0.0009740503822884909,0.0009191249444232723
semeval,formal_e10_ms256,9,attn_out_input,linear_input,512,64487424,0.00023833043634682342,0.21965233580652438,0.1551763059162512,0.1554590605556494,3.67120099067688,23.65825741887573,0.00404939418885766,0.00013202574194931402,8.994001683180895e-07,0.0,0.0,0.0,0.0
semeval,formal_e10_ms256,9,attn_q_input,linear_input,512,64487424,-0.012425196213208563,0.6043890502367877,0.29389058392706924,0.5282696605201451,16.025596618652344,54.529125787266445,0.02215551360835874,0.0023898613162157013,0.0010807068367314533,0.0009909373957936356,0.000983928277240536,0.0009740503822884909,0.0009191249444232723
semeval,formal_e10_ms256,9,attn_v_input,linear_input,512,64487424,-0.012425196213208563,0.6043890502367877,0.29389058392706924,0.5282696605201451,16.025596618652344,54.529125787266445,0.02215551360835874,0.0023898613162157013,0.0010807068367314533,0.0009909373957936356,0.000983928277240536,0.0009740503822884909,0.0009191249444232723
semeval,formal_e10_ms256,9,ffn_in_input,linear_input,512,64487424,-0.0405959070516311,1.9382071664052278,0.5485169268478223,1.8594150232090059,67.74235534667969,123.50093867836786,0.10754715524068693,0.007117077587096672,0.001939091255994347,0.0012847466197440296,0.0010204935461525025,0.0009866264777454903,0.0009845640601181403
semeval,formal_e10_ms256,9,ffn_out_input,linear_input,512,257949696,-0.0422909007960461,0.11652855270044278,0.062193223025377206,0.10723538079531669,11.238377571105957,180.70099963335667,0.002056660690927893,0.0004019737243652344,0.00010682315361209032,3.5169647961128046e-05,3.244818710699314e-06,1.984883130081301e-06,9.4979759154281e-07
semeval,formal_e10_ms256,9,gelu_input,intermediate_dense_output,512,257949696,-2.084202244998963,1.0287748558284122,2.109856407816817,0.975080837898994,14.565781593322754,6.903683842823578,0.8587058811652951,0.5572623741335985,0.17303626517939374,0.026321527434558404,0.00044119454980865727,2.84745441219671e-05,8.54817832388529e-06
semeval,formal_e10_ms256,10,attn_k_input,linear_input,512,64487424,-0.00908321623001399,0.5980159422727443,0.29485396653171475,0.5203524867337082,15.731800079345703,53.35454789499526,0.019823198396015942,0.0020187191846894057,0.0010497860792206555,0.0009886423746744792,0.0009843779773246952,0.0009819744079093624,0.0009562174479166666
semeval,formal_e10_ms256,10,attn_out_input,linear_input,512,64487424,-0.0014156878743251137,0.22647554168273734,0.16462775489421394,0.15553416817901278,3.1550815105438232,19.164942828572297,0.002802825555568788,3.3975616703188515e-05,1.2405519563008131e-07,0.0,0.0,0.0,0.0
semeval,formal_e10_ms256,10,attn_q_input,linear_input,512,64487424,-0.00908321623001399,0.5980159422727443,0.29485396653171475,0.5203524867337082,15.731800079345703,53.35454789499526,0.019823198396015942,0.0020187191846894057,0.0010497860792206555,0.0009886423746744792,0.0009843779773246952,0.0009819744079093624,0.0009562174479166666
semeval,formal_e10_ms256,10,attn_v_input,linear_input,512,64487424,-0.00908321623001399,0.5980159422727443,0.29485396653171475,0.5203524867337082,15.731800079345703,53.35454789499526,0.019823198396015942,0.0020187191846894057,0.0010497860792206555,0.0009886423746744792,0.0009843779773246952,0.0009819744079093624,0.0009562174479166666
semeval,formal_e10_ms256,10,ffn_in_input,linear_input,512,64487424,-0.030170777388583352,1.6260755114351597,0.5371859139058648,1.5350775676161998,62.8317756652832,116.9646746848498,0.1056914600899549,0.006159169887139545,0.002202165805227388,0.0017803471262862042,0.001366886666150597,0.0011029282236486916,0.0010054518536823551
semeval,formal_e10_ms256,10,ffn_out_input,linear_input,512,257949696,-0.05299934600972063,0.11895317924071001,0.07458138375020609,0.10675395415081855,12.700498580932617,170.29046582817688,0.0021302215452116678,0.0003095448501710969,8.268666461231263e-05,2.9230505470337908e-05,2.298897844019944e-06,1.984883130081301e-06,1.984883130081301e-06
semeval,formal_e10_ms256,10,gelu_input,intermediate_dense_output,512,257949696,-1.8807492135016899,1.005937733090883,1.90885396992288,0.9515276393531146,29.745187759399414,15.582746626029836,0.821109449960352,0.4542046872580924,0.12140693897154273,0.018864647159731487,0.0005831175703343338,3.330106657694995e-05,1.5832544342289126e-05
semeval,formal_e10_ms256,11,attn_k_input,linear_input,512,64487424,0.00631154031205044,0.6881348032629365,0.3442233214533426,0.595885599734093,18.463321685791016,53.63762573621441,0.027544610868624555,0.0020359783637814407,0.001052654855619601,0.00098988292663078,0.0009846105808165016,0.0009762833758098324,0.0009731819959190803
semeval,formal_e10_ms256,11,attn_out_input,linear_input,512,64487424,0.005952764649490251,0.22562411012778716,0.1619676421207141,0.15718828640768476,3.6918654441833496,22.793845707970554,0.0022672017415364585,1.5181254565231199e-05,1.0854829617632113e-07,0.0,0.0,0.0,0.0
semeval,formal_e10_ms256,11,attn_q_input,linear_input,512,64487424,0.00631154031205044,0.6881348032629365,0.3442233214533426,0.595885599734093,18.463321685791016,53.63762573621441,0.027544610868624555,0.0020359783637814407,0.001052654855619601,0.00098988292663078,0.0009846105808165016,0.0009762833758098324,0.0009731819959190803
semeval,formal_e10_ms256,11,attn_v_input,linear_input,512,64487424,0.00631154031205044,0.6881348032629365,0.3442233214533426,0.595885599734093,18.463321685791016,53.63762573621441,0.027544610868624555,0.0020359783637814407,0.001052654855619601,0.00098988292663078,0.0009846105808165016,0.0009762833758098324,0.0009731819959190803
semeval,formal_e10_ms256,11,ffn_in_input,linear_input,512,64487424,-0.024402555759723592,1.4851572113531148,0.5534173390729641,1.3784109242077152,81.03578186035156,146.42797783693507,0.12030330130724402,0.006594293485812056,0.0022064612163760797,0.0018583003098402565,0.001538036315421748,0.0012029322182259908,0.0010219201809022484
semeval,formal_e10_ms256,11,ffn_out_input,linear_input,512,257949696,-0.05174485168503067,0.13906644086158154,0.08427588529581946,0.1221252627731849,14.442090034484863,171.3668148817568,0.0032360728194073935,0.0004107583829057895,8.549729013830666e-05,2.4334201967813135e-05,2.089554701394182e-06,1.988759854944741e-06,1.984883130081301e-06
semeval,formal_e10_ms256,11,gelu_input,intermediate_dense_output,512,257949696,-1.75892779255301,1.0418132055839147,1.8011727468754217,0.9669428476687156,34.45344161987305,19.12833828939564,0.781207673917941,0.40662668972480587,0.1062601601205221,0.01705603483246594,0.0007170274005672796,7.83951301884845e-05,2.552047977602579e-05
semeval,formal_e10_ms256,12,attn_k_input,linear_input,512,64487424,0.0074533316916293975,0.6971946103693663,0.37918353068634747,0.5851117217571646,17.96628761291504,47.38150831708028,0.03750622757082063,0.002029682562603214,0.0010524377590272484,0.0009878360159028836,0.0009791831660076855,0.0009768106103912602,0.0009733215580141641
semeval,formal_e10_ms256,12,attn_out_input,linear_input,512,64487424,0.004517381896295138,0.23178829868691128,0.16695469024220133,0.16084885313082084,3.3340084552764893,19.969540540848776,0.0025065042139068854,2.575695999269563e-05,2.946310896214431e-07,0.0,0.0,0.0,0.0
semeval,formal_e10_ms256,12,attn_q_input,linear_input,512,64487424,0.0074533316916293975,0.6971946103693663,0.37918353068634747,0.5851117217571646,17.96628761291504,47.38150831708028,0.03750622757082063,0.002029682562603214,0.0010524377590272484,0.0009878360159028836,0.0009791831660076855,0.0009768106103912602,0.0009733215580141641
semeval,formal_e10_ms256,12,attn_v_input,linear_input,512,64487424,0.0074533316916293975,0.6971946103693663,0.37918353068634747,0.5851117217571646,17.96628761291504,47.38150831708028,0.03750622757082063,0.002029682562603214,0.0010524377590272484,0.0009878360159028836,0.0009791831660076855,0.0009768106103912602,0.0009733215580141641
semeval,formal_e10_ms256,12,ffn_in_input,linear_input,512,64487424,-0.02426600625087333,1.3927358123485902,0.5768101586074363,1.2679084836788967,79.02835845947266,137.00930415349626,0.13862077976629986,0.007935175081578696,0.0022377851532726753,0.001833442750015879,0.0014797303734756097,0.0011395400132590194,0.0010181675112344386
semeval,formal_e10_ms256,12,ffn_out_input,linear_input,512,257949696,-0.051211423596473245,0.1320484102366065,0.08041981783339648,0.11658492806720715,10.662687301635742,132.58780719604883,0.0030080826301884843,0.0003360034973640752,5.057575256843877e-05,1.0967254638671875e-05,4.109328355246443e-06,3.969766260162602e-06,6.590432267848069e-07
semeval,formal_e10_ms256,12,gelu_input,intermediate_dense_output,512,257949696,-1.8168822328249614,1.0482700251302477,1.8548038359580001,0.9796090157083466,38.17973709106445,20.58424527213938,0.7934969964066172,0.43121886834865664,0.12030070777831038,0.019123089022752716,0.0005570388421779726,5.33282272214812e-05,2.839313289983486e-05
semeval,formal_e10_ms256,13,attn_k_input,linear_input,512,64487424,0.0035486198468152735,0.6870268232444795,0.4025334626193938,0.556763199243502,16.6412296295166,41.34123290329115,0.0487346959307911,0.002145395046327172,0.001036496666388783,0.000989433226546621,0.00098237758729516,0.0009791986729071392,0.0009721120198567709
semeval,formal_e10_ms256,13,attn_out_input,linear_input,512,64487424,-0.006779406153468218,0.2851385945249393,0.20924193939057792,0.19382411933379484,3.47033953666687,16.58529617329258,0.005759122895031441,4.878470568152947e-05,4.3419318470528453e-07,0.0,0.0,0.0,0.0
semeval,formal_e10_ms256,13,attn_q_input,linear_input,512,64487424,0.0035486198468152735,0.6870268232444795,0.4025334626193938,0.556763199243502,16.6412296295166,41.34123290329115,0.0487346959307911,0.002145395046327172,0.001036496666388783,0.000989433226546621,0.00098237758729516,0.0009791986729071392,0.0009721120198567709
semeval,formal_e10_ms256,13,attn_v_input,linear_input,512,64487424,0.0035486198468152735,0.6870268232444795,0.4025334626193938,0.556763199243502,16.6412296295166,41.34123290329115,0.0487346959307911,0.002145395046327172,0.001036496666388783,0.000989433226546621,0.00098237758729516,0.0009791986729071392,0.0009721120198567709
semeval,formal_e10_ms256,13,ffn_in_input,linear_input,512,64487424,-0.02018633745307845,1.2417722682424364,0.6059967129211116,1.0840543521081139,82.46220397949219,136.0769823024223,0.16325769191834985,0.01108839453720465,0.002391179402669271,0.0018217040271293827,0.001480164566660315,0.0011809124210016514,0.0010095146613392403
semeval,formal_e10_ms256,13,ffn_out_input,linear_input,512,257949696,-0.049421768090346964,0.1341423993307971,0.07828243243379321,0.11961837330296576,8.788710594177246,112.26925787736901,0.0031356230014707985,0.0004903824348759845,6.381476797708652e-05,1.3657701693899262e-05,2.4035694153328254e-06,1.7832934371824186e-07,0.0
semeval,formal_e10_ms256,13,gelu_input,intermediate_dense_output,512,257949696,-1.8752952838331702,1.086933634470688,1.912444366187584,1.0201537499553484,17.022626876831055,8.90097886129116,0.8009003817550535,0.449614257347293,0.140831753490417,0.027248177101941613,0.0010743412545056847,0.0001010119430417937,8.125615313770325e-06
semeval,formal_e10_ms256,14,attn_k_input,linear_input,512,64487424,0.008295999453743784,0.6673535229927225,0.45296315764024003,0.4901570422612714,13.103718757629395,28.928884251634543,0.07768261917238313,0.003312304737122078,0.0010905382109851372,0.000991557671771786,0.0009815557216241108,0.000964281035632622,0.0008581052950727261
semeval,formal_e10_ms256,14,attn_out_input,linear_input,512,64487424,0.011912608352618488,0.2960792824016241,0.21430864397103225,0.20463786752339097,3.301919460296631,15.407308819251108,0.007218632271619347,4.6350122467289126e-05,2.4811039126016263e-07,0.0,0.0,0.0,0.0
semeval,formal_e10_ms256,14,attn_q_input,linear_input,512,64487424,0.008295999453743784,0.6673535229927225,0.45296315764024003,0.4901570422612714,13.103718757629395,28.928884251634543,0.07768261917238313,0.003312304737122078,0.0010905382109851372,0.000991557671771786,0.0009815557216241108,0.000964281035632622,0.0008581052950727261
semeval,formal_e10_ms256,14,attn_v_input,linear_input,512,64487424,0.008295999453743784,0.6673535229927225,0.45296315764024003,0.4901570422612714,13.103718757629395,28.928884251634543,0.07768261917238313,0.003312304737122078,0.0010905382109851372,0.000991557671771786,0.0009815557216241108,0.000964281035632622,0.0008581052950727261
semeval,formal_e10_ms256,14,ffn_in_input,linear_input,512,64487424,-0.017284158556684245,1.0930223320477739,0.6495895698303129,0.8792212186132883,75.46985626220703,116.18083135466817,0.1974114673893626,0.01715219699270357,0.0034617757409568725,0.002521390837382495,0.0018860421529630336,0.0013399977024977769,0.0010319531448488312
semeval,formal_e10_ms256,14,ffn_out_input,linear_input,512,257949696,-0.04581829903995603,0.15264315383967245,0.08511939390403468,0.13473654931920487,10.003887176513672,117.52770687949511,0.0044855683799681625,0.0005597835633812881,8.730384392466972e-05,1.4688910507574314e-05,3.1827911128842734e-06,2.3648021666984246e-06,3.876724863440041e-09
semeval,formal_e10_ms256,14,gelu_input,intermediate_dense_output,512,257949696,-1.7908139529266978,1.0942958364791124,1.84108065056607,1.0074323946765271,11.35493278503418,6.167536865667955,0.7765850943278491,0.4252610167836755,0.12918103225832064,0.022055311900813404,0.0003271025370776169,1.1630174590320122e-05,4.6520698361280487e-07
semeval,formal_e10_ms256,15,attn_k_input,linear_input,512,64487424,0.00409060059426678,0.6809291179296131,0.5098412384589514,0.45137911806403436,13.107630729675293,25.709239937699984,0.11832367501607756,0.004936683468702362,0.0010885998485534172,0.0009637227872522866,0.0007137670749571266,0.00027903114877096035,1.4126785402375508e-05
semeval,formal_e10_ms256,15,attn_out_input,linear_input,512,64487424,0.005785772150900117,0.396279614320138,0.27062889757922026,0.2895358486960731,4.383584499359131,16.197769486445694,0.028955195977435847,0.0018768620684864075,0.00015306860450806656,7.69142212906504e-06,0.0,0.0,0.0
semeval,formal_e10_ms256,15,attn_q_input,linear_input,512,64487424,0.00409060059426678,0.6809291179296131,0.5098412384589514,0.45137911806403436,13.107630729675293,25.709239937699984,0.11832367501607756,0.004936683468702362,0.0010885998485534172,0.0009637227872522866,0.0007137670749571266,0.00027903114877096035,1.4126785402375508e-05
semeval,formal_e10_ms256,15,attn_v_input,linear_input,512,64487424,0.00409060059426678,0.6809291179296131,0.5098412384589514,0.45137911806403436,13.107630729675293,25.709239937699984,0.11832367501607756,0.004936683468702362,0.0010885998485534172,0.0009637227872522866,0.0007137670749571266,0.00027903114877096035,1.4126785402375508e-05
semeval,formal_e10_ms256,15,ffn_in_input,linear_input,512,64487424,-0.016614670887952897,1.0795277561234855,0.6898052251435877,0.8305570268767382,47.975196838378906,69.54890321161679,0.2318907636937087,0.022799080949488695,0.0024312337239583335,0.001325064558323806,0.001038310973624873,0.000993558061801321,0.0009777565312579395
semeval,formal_e10_ms256,15,ffn_out_input,linear_input,512,257949696,-0.03143572034238557,0.21243828702853948,0.10268103092060826,0.1886129269115611,8.91891860961914,86.86043108113262,0.009999166659223355,0.0017250146323103245,0.000255778553040047,3.4095795173955156e-05,3.0199686686197915e-06,1.814307236089939e-06,0.0
semeval,formal_e10_ms256,15,gelu_input,intermediate_dense_output,512,257949696,-1.6629444365578938,1.1704432777826848,1.750899691891864,1.034249454686103,12.036953926086426,6.874725023842103,0.7331954638163248,0.38975804026533917,0.12254976644748594,0.02209241603448139,0.0002889555644213669,1.1033158961350355e-05,5.109523370013973e-06
semeval,formal_e10_ms256,16,attn_k_input,linear_input,512,64487424,-0.011760949554694136,0.7543452749340118,0.5686396874063383,0.4958064336574505,14.271524429321289,25.097658052001478,0.15869604281293667,0.0075719569756732726,0.0010960121464923145,0.000967382415523374,0.0008267348374777693,0.00043498403657742633,0.0001116806898659807
semeval,formal_e10_ms256,16,attn_out_input,linear_input,512,64487424,0.0032540608755983903,0.45380614607676556,0.3371069982526748,0.30382475023983796,3.9049065113067627,11.58358186435478,0.03965596454899486,0.0009364926718114838,3.8798262433307924e-05,0.0,0.0,0.0,0.0
semeval,formal_e10_ms256,16,attn_q_input,linear_input,512,64487424,-0.011760949554694136,0.7543452749340118,0.5686396874063383,0.4958064336574505,14.271524429321289,25.097658052001478,0.15869604281293667,0.0075719569756732726,0.0010960121464923145,0.000967382415523374,0.0008267348374777693,0.00043498403657742633,0.0001116806898659807
semeval,formal_e10_ms256,16,attn_v_input,linear_input,512,64487424,-0.011760949554694136,0.7543452749340118,0.5686396874063383,0.4958064336574505,14.271524429321289,25.097658052001478,0.15869604281293667,0.0075719569756732726,0.0010960121464923145,0.000967382415523374,0.0008267348374777693,0.00043498403657742633,0.0001116806898659807
semeval,formal_e10_ms256,16,ffn_in_input,linear_input,512,64487424,-0.02366630214349768,1.0602699914508797,0.6977720929355156,0.7986530253800999,60.93766784667969,87.33176414424362,0.24065606962374556,0.021864092446924225,0.0017263521023882114,0.0010104605822059197,0.0009847811567104928,0.0009740193684895834,0.0009513482814881859
semeval,formal_e10_ms256,16,ffn_out_input,linear_input,512,257949696,-0.025059713987724448,0.23853085966165055,0.11128187636897816,0.21246483066115213,9.905097961425781,89.00908471909095,0.012279591909269007,0.002380925465405472,0.0005230438418504669,0.0001161738139827077,2.279514219702744e-06,6.202759781504066e-08,0.0
semeval,formal_e10_ms256,16,gelu_input,intermediate_dense_output,512,257949696,-1.604098408202815,1.21987816444627,1.7097192779789125,1.0668150869756536,14.980685234069824,8.762073064871059,0.7089656853094334,0.3704815298561158,0.12072962861720139,0.02527451709033997,0.0011360819746808308,0.00014646266534076472,7.2959961929941565e-06
semeval,formal_e10_ms256,17,attn_k_input,linear_input,512,64487424,-0.017350048303785847,0.7828511737973587,0.6040261021959104,0.4983065847026925,12.774218559265137,21.148454533380306,0.18488367592416158,0.010908824641530106,0.0011171790642466972,0.0008772097951997587,0.00048164429703379067,0.00014264796807513972,1.8639293143419714e-05
semeval,formal_e10_ms256,17,attn_out_input,linear_input,512,64487424,-0.00794573089004233,0.4601906727611838,0.3371386219694362,0.31333071906903337,3.900665521621704,11.569915955743939,0.04361720201445789,0.0013165512705236916,0.00010816062368997714,0.0,0.0,0.0,0.0
semeval,formal_e10_ms256,17,attn_q_input,linear_input,512,64487424,-0.017350048303785847,0.7828511737973587,0.6040261021959104,0.4983065847026925,12.774218559265137,21.148454533380306,0.18488367592416158,0.010908824641530106,0.0011171790642466972,0.0008772097951997587,0.00048164429703379067,0.00014264796807513972,1.8639293143419714e-05
semeval,formal_e10_ms256,17,attn_v_input,linear_input,512,64487424,-0.017350048303785847,0.7828511737973587,0.6040261021959104,0.4983065847026925,12.774218559265137,21.148454533380306,0.18488367592416158,0.010908824641530106,0.0011171790642466972,0.0008772097951997587,0.00048164429703379067,0.00014264796807513972,1.8639293143419714e-05
semeval,formal_e10_ms256,17,ffn_in_input,linear_input,512,64487424,-0.02044227388422421,0.9845938941450784,0.6924893102510189,0.7002153798206631,50.98367691040039,73.62377462826022,0.23950849703656948,0.021338997817620997,0.0017064722572884908,0.0010035445050495426,0.0009634126492632114,0.0009102549979357216,0.0008127631210699314
semeval,formal_e10_ms256,17,ffn_out_input,linear_input,512,257949696,-0.035664560082103544,0.22112871059147168,0.11589955717204063,0.19166940324689724,10.55624008178711,91.08093541822156,0.010485846821854754,0.0016826575364523788,0.00031994610297970657,4.4392376411251904e-05,1.2405519563008131e-07,7.753449726880082e-09,3.876724863440041e-09
semeval,formal_e10_ms256,17,gelu_input,intermediate_dense_output,512,257949696,-1.449977320384204,1.1724588573838168,1.5501496263635837,1.0364024979568331,35.92835235595703,23.177344783315856,0.6747654124004084,0.30368402915272286,0.07516262783267634,0.010802408544028677,0.0009890184169862328,0.0008444708537280075,0.0007331972199726881
semeval,formal_e10_ms256,18,attn_k_input,linear_input,512,64487424,-0.020466133399404646,0.7891211779596655,0.6166073083877563,0.49287576869184657,11.530781745910645,18.700365028206022,0.19334563588708398,0.012135203291730182,0.0011430600794350228,0.0006990355204760544,0.0002378293169223196,2.8439653598196137e-05,1.3320426630779979e-05
semeval,formal_e10_ms256,18,attn_out_input,linear_input,512,64487424,-0.005472925313843303,0.6531428769566033,0.5064525818679391,0.4124698206535092,4.2111992835998535,8.31509095692191,0.12093215260079236,0.0058691598535553224,0.00019647241607914127,2.6361729071392276e-06,0.0,0.0,0.0
semeval,formal_e10_ms256,18,attn_q_input,linear_input,512,64487424,-0.020466133399404646,0.7891211779596655,0.6166073083877563,0.49287576869184657,11.530781745910645,18.700365028206022,0.19334563588708398,0.012135203291730182,0.0011430600794350228,0.0006990355204760544,0.0002378293169223196,2.8439653598196137e-05,1.3320426630779979e-05
semeval,formal_e10_ms256,18,attn_v_input,linear_input,512,64487424,-0.020466133399404646,0.7891211779596655,0.6166073083877563,0.49287576869184657,11.530781745910645,18.700365028206022,0.19334563588708398,0.012135203291730182,0.0011430600794350228,0.0006990355204760544,0.0002378293169223196,2.8439653598196137e-05,1.3320426630779979e-05
semeval,formal_e10_ms256,18,ffn_in_input,linear_input,512,64487424,-0.015280564735848002,0.9018948477047033,0.6789774526425494,0.5938328306669908,36.684547424316406,54.02910992337347,0.2337596862296748,0.019236153703394945,0.00151631114928703,0.0009325694262496824,0.0008048546023485138,0.000584687643904027,0.00037649201183784296
semeval,formal_e10_ms256,18,ffn_out_input,linear_input,512,257949696,-0.03738547669254183,0.23378401004091384,0.1271319439013799,0.19972507618773133,8.380072593688965,65.91634121625357,0.011686898828521976,0.0019163542646702713,0.00031660436614742125,7.40764586906123e-05,8.218656710492886e-07,7.753449726880082e-09,0.0
semeval,formal_e10_ms256,18,gelu_input,intermediate_dense_output,512,257949696,-1.2902682147374966,1.107015045702311,1.4024805804578269,0.9608967680307042,41.61482238769531,29.672298474258046,0.6268171023547164,0.2416858673095703,0.04847530427017832,0.006199390907597736,0.00074913443588629,0.0005902042233847021,0.0004359687246927401
semeval,formal_e10_ms256,19,attn_k_input,linear_input,512,64487424,-0.012314997893583968,0.8101950815514278,0.6429522381565436,0.4931329930077027,8.748769760131836,13.607184547978381,0.21290388339903296,0.014475892229778011,0.0006014506022135416,0.00012137250202458079,1.2886233446074695e-05,1.2095381573932927e-06,0.0
semeval,formal_e10_ms256,19,attn_out_input,linear_input,512,64487424,0.005934072526712945,0.7335252001654424,0.5711758681913701,0.4602744399706975,4.472009181976318,7.8294785039447605,0.16089670444891704,0.011745809539546811,0.0006642380381018166,1.9740283004636687e-05,0.0,0.0,0.0
semeval,formal_e10_ms256,19,attn_q_input,linear_input,512,64487424,-0.012314997893583968,0.8101950815514278,0.6429522381565436,0.4931329930077027,8.748769760131836,13.607184547978381,0.21290388339903296,0.014475892229778011,0.0006014506022135416,0.00012137250202458079,1.2886233446074695e-05,1.2095381573932927e-06,0.0
semeval,formal_e10_ms256,19,attn_v_input,linear_input,512,64487424,-0.012314997893583968,0.8101950815514278,0.6429522381565436,0.4931329930077027,8.748769760131836,13.607184547978381,0.21290388339903296,0.014475892229778011,0.0006014506022135416,0.00012137250202458079,1.2886233446074695e-05,1.2095381573932927e-06,0.0
semeval,formal_e10_ms256,19,ffn_in_input,linear_input,512,64487424,-0.007623379792624373,0.8414782088855874,0.6647858021220541,0.5159491537406531,32.306785583496094,48.59728574282126,0.22600850051011495,0.017170247023667748,0.0013400752369950458,0.0004916152333825584,0.00015385945638020834,3.527819625730437e-05,1.1149460707253557e-05
semeval,formal_e10_ms256,19,ffn_out_input,linear_input,512,257949696,-0.03627126070962295,0.23989163587064874,0.13629932462321065,0.20071396419137857,6.92344856262207,50.795912465167596,0.013013250459500445,0.0016184240821900406,0.00019109539869354992,3.4138439147453e-05,9.459208666793699e-07,0.0,0.0
semeval,formal_e10_ms256,19,gelu_input,intermediate_dense_output,512,257949696,-1.161619155872159,1.0022029878351923,1.2872632409983533,0.8346994911280041,16.63469123840332,12.922524864069041,0.5863636373504391,0.1967827827949834,0.031686647151543845,0.003171246226240949,0.00019702678773461318,6.979655444137449e-05,2.2190373118330794e-05
semeval,formal_e10_ms256,20,attn_k_input,linear_input,512,64487424,-0.0026185906884247227,0.819920878537707,0.6525529637569334,0.496439053229378,7.845778465270996,12.023205626253866,0.22047180858084825,0.015170926970194995,0.0004557787887449187,9.626683180894308e-05,1.7057589399136178e-06,0.0,0.0
semeval,formal_e10_ms256,20,attn_out_input,linear_input,512,64487424,0.009863714373417811,0.7833074860351883,0.6164488365979699,0.48338260456600673,4.257081985473633,6.905815588796347,0.19286690688714747,0.014345727315763147,0.0006373955951473577,2.2329935213414633e-06,0.0,0.0,0.0
semeval,formal_e10_ms256,20,attn_q_input,linear_input,512,64487424,-0.0026185906884247227,0.819920878537707,0.6525529637569334,0.496439053229378,7.845778465270996,12.023205626253866,0.22047180858084825,0.015170926970194995,0.0004557787887449187,9.626683180894308e-05,1.7057589399136178e-06,0.0,0.0
semeval,formal_e10_ms256,20,attn_v_input,linear_input,512,64487424,-0.0026185906884247227,0.819920878537707,0.6525529637569334,0.496439053229378,7.845778465270996,12.023205626253866,0.22047180858084825,0.015170926970194995,0.0004557787887449187,9.626683180894308e-05,1.7057589399136178e-06,0.0,0.0
semeval,formal_e10_ms256,20,ffn_in_input,linear_input,512,64487424,0.0030227141481790148,0.8271622666299416,0.6521778482247175,0.5087932845686759,19.744951248168945,30.275409233717998,0.21866074228674415,0.013787820087215765,0.001298485732660061,0.0006953913991044207,0.00019073486328125,6.900570256923273e-05,1.715063079585874e-05
semeval,formal_e10_ms256,20,ffn_out_input,linear_input,512,257949696,-0.0503641189477308,0.21144016289194398,0.1323336208678358,0.17242766526622366,5.725129127502441,43.262846508373265,0.00959171512262608,0.0010022729392943344,6.022879747840447e-05,4.574535338859248e-06,0.0,0.0,0.0
semeval,formal_e10_ms256,20,gelu_input,intermediate_dense_output,512,257949696,-1.1322104252450835,0.9483714314512163,1.2370451216290637,0.8068631768027446,28.221637725830078,22.813749662312258,0.5744686049174487,0.1691279954057399,0.020086567576338605,0.0013612692918234725,0.000247761486022453,0.0002415160822674511,0.00023019604566620617
semeval,formal_e10_ms256,21,attn_k_input,linear_input,512,64487424,-0.0018305971271633378,0.8254634711845248,0.657550760643269,0.4990193288073169,8.661650657653809,13.172596210185029,0.2249768885170541,0.014527127025573234,0.0006451490448742378,0.00015550318772230692,3.3076216534870424e-05,2.0158969289888213e-07,0.0
semeval,formal_e10_ms256,21,attn_out_input,linear_input,512,64487424,0.02475771557143842,0.8229592970257428,0.6496247309979385,0.5058286843559555,4.768430233001709,7.340284329502906,0.2179804546077077,0.017467080093011622,0.0010700691037061737,3.887579693057673e-05,0.0,0.0,0.0
semeval,formal_e10_ms256,21,attn_q_input,linear_input,512,64487424,-0.0018305971271633378,0.8254634711845248,0.657550760643269,0.4990193288073169,8.661650657653809,13.172596210185029,0.2249768885170541,0.014527127025573234,0.0006451490448742378,0.00015550318772230692,3.3076216534870424e-05,2.0158969289888213e-07,0.0
semeval,formal_e10_ms256,21,attn_v_input,linear_input,512,64487424,-0.0018305971271633378,0.8254634711845248,0.657550760643269,0.4990193288073169,8.661650657653809,13.172596210185029,0.2249768885170541,0.014527127025573234,0.0006451490448742378,0.00015550318772230692,3.3076216534870424e-05,2.0158969289888213e-07,0.0
semeval,formal_e10_ms256,21,ffn_in_input,linear_input,512,64487424,0.008101624176398344,0.8478285091651723,0.6695258341184477,0.5202057042320193,13.048551559448242,19.489242826050216,0.2314634555723609,0.01631333575985296,0.0014287126742727387,0.0007636992911982342,0.00015506899453760162,4.94359954585874e-05,4.71409743394309e-06
semeval,formal_e10_ms256,21,ffn_out_input,linear_input,512,257949696,-0.04809706764886292,0.21612126522757724,0.13635942579163768,0.17443576524830837,4.222972393035889,30.96942047474407,0.010251316597791223,0.0008381401620260099,2.874203813754446e-05,5.4274148088160567e-08,0.0,0.0,0.0
semeval,formal_e10_ms256,21,gelu_input,intermediate_dense_output,512,257949696,-1.0834685513159124,0.9993077826409283,1.1966060855524328,0.8606125854042659,61.303401947021484,51.23106316037141,0.55194375573135,0.1545444193894301,0.016863912101683576,0.0009597452675423971,0.00026326838547621317,0.00024733892301233805,0.00023762772722942072
semeval,formal_e10_ms256,22,attn_k_input,linear_input,512,64487424,-0.00013302521152744578,0.8691971315545454,0.6931719322030138,0.5244200068688236,8.141410827636719,11.745153618326674,0.24943497510460333,0.020292731804576348,0.0007928832759702109,0.00018484224148882113,1.7321206689850103e-05,3.101379890752033e-08,0.0
semeval,formal_e10_ms256,22,attn_out_input,linear_input,512,64487424,-0.019349564993621525,0.8503566975804792,0.6773604779708676,0.5144547615373957,4.303605079650879,6.353493036001979,0.2390967733491727,0.019043976698464495,0.00038764147254509657,8.218656710492886e-07,0.0,0.0,0.0
semeval,formal_e10_ms256,22,attn_q_input,linear_input,512,64487424,-0.00013302521152744578,0.8691971315545454,0.6931719322030138,0.5244200068688236,8.141410827636719,11.745153618326674,0.24943497510460333,0.020292731804576348,0.0007928832759702109,0.00018484224148882113,1.7321206689850103e-05,3.101379890752033e-08,0.0
semeval,formal_e10_ms256,22,attn_v_input,linear_input,512,64487424,-0.00013302521152744578,0.8691971315545454,0.6931719322030138,0.5244200068688236,8.141410827636719,11.745153618326674,0.24943497510460333,0.020292731804576348,0.0007928832759702109,0.00018484224148882113,1.7321206689850103e-05,3.101379890752033e-08,0.0
semeval,formal_e10_ms256,22,ffn_in_input,linear_input,512,64487424,0.007416908436159535,0.8453847534519381,0.6773575006461725,0.505882603197733,9.167557716369629,13.534297188152694,0.24094062122872206,0.016363174934697345,0.0004689751601800686,8.733485772357724e-05,3.4735454776422763e-06,6.202759781504066e-08,0.0
semeval,formal_e10_ms256,22,ffn_out_input,linear_input,512,257949696,-0.03998668542287002,0.2320446735687563,0.14590329289194046,0.18481313445214564,4.069209575653076,27.889772019517284,0.012424763625230246,0.0007484405021357342,4.6869603598990095e-06,1.1630174590320122e-08,0.0,0.0,0.0
semeval,formal_e10_ms256,22,gelu_input,intermediate_dense_output,512,257949696,-0.9799382836838079,0.9378224117768869,1.1157245514838676,0.7713291392630686,34.746673583984375,31.14269874026948,0.5082668754143443,0.13013749006317882,0.0122641005167147,0.0006032532792750412,0.00024138815034695758,0.00023160717351649834,0.0002024386956439755
semeval,formal_e10_ms256,23,attn_k_input,linear_input,512,64487424,0.007200907096191029,0.8585973913975532,0.6891145284582929,0.5122133347008799,7.249851703643799,10.520532370523922,0.2468560226564485,0.018398315925908282,0.00035470481810530996,3.8519138243140244e-05,3.721655868902439e-07,0.0,0.0
semeval,formal_e10_ms256,23,attn_out_input,linear_input,512,64487424,0.011216233689475207,0.9168340086040244,0.7283512358743001,0.5569693711789554,4.044148921966553,5.552470734963506,0.272632459314858,0.03098490955383797,0.0009882236883892277,1.9073486328125e-06,0.0,0.0,0.0
semeval,formal_e10_ms256,23,attn_q_input,linear_input,512,64487424,0.007200907096191029,0.8585973913975532,0.6891145284582929,0.5122133347008799,7.249851703643799,10.520532370523922,0.2468560226564485,0.018398315925908282,0.00035470481810530996,3.8519138243140244e-05,3.721655868902439e-07,0.0,0.0
semeval,formal_e10_ms256,23,attn_v_input,linear_input,512,64487424,0.007200907096191029,0.8585973913975532,0.6891145284582929,0.5122133347008799,7.249851703643799,10.520532370523922,0.2468560226564485,0.018398315925908282,0.00035470481810530996,3.8519138243140244e-05,3.721655868902439e-07,0.0,0.0
semeval,formal_e10_ms256,23,ffn_in_input,linear_input,512,64487424,0.01023828978006675,0.855474028386072,0.6946350030782746,0.4994225148300383,7.805987358093262,11.23753816536891,0.25411982652617665,0.014560172228309198,0.00010036065326473577,6.140732183689025e-06,4.652069836128049e-08,0.0,0.0
semeval,formal_e10_ms256,23,ffn_out_input,linear_input,512,257949696,-0.024860892667741764,0.26015465158325274,0.15651934188071306,0.20928497877742938,3.7038156986236572,23.66362938994734,0.016416413997246967,0.0009832614805640244,7.796093700377921e-06,0.0,0.0,0.0,0.0
semeval,formal_e10_ms256,23,gelu_input,intermediate_dense_output,512,257949696,-0.9248108439813785,0.9521453104284184,1.0915983038219979,0.7551615273630644,10.067569732666016,9.222778834866796,0.48566332871351786,0.12895832992181544,0.014777974384586985,0.001226719801988059,0.00017669336582587018,3.87090977614488e-05,3.876724863440041e-09
